created_at,trysnia
2019-09-24 20:36:25 CEST,99833
2019-09-24 20:37:19 CEST,99835
2019-09-24 20:38:13 CEST,99831
2019-09-24 20:39:07 CEST,99837
2019-09-24 20:40:01 CEST,99832
2019-09-24 20:40:55 CEST,99836
2019-09-24 20:41:49 CEST,99838
2019-09-24 20:42:43 CEST,99844
2019-09-24 20:43:37 CEST,99842
2019-09-24 20:44:31 CEST,99833
2019-09-24 20:45:25 CEST,99838
2019-09-24 20:46:19 CEST,99824
2019-09-24 20:47:22 CEST,99835
2019-09-24 20:48:16 CEST,99841
2019-09-24 20:49:10 CEST,99842
2019-09-24 20:50:04 CEST,99848
2019-09-24 20:50:58 CEST,99842
2019-09-24 20:51:52 CEST,99851
2019-09-24 20:52:46 CEST,99845
2019-09-24 20:53:40 CEST,99860
2019-09-24 20:54:34 CEST,99859
2019-09-24 20:55:28 CEST,99854
2019-09-24 20:56:22 CEST,99866
2019-09-24 20:57:16 CEST,99859
2019-09-24 20:58:10 CEST,99847
2019-09-24 20:59:04 CEST,99857
2019-09-24 20:59:58 CEST,99850
2019-09-24 21:00:52 CEST,99848
2019-09-24 21:01:45 CEST,99865
2019-09-24 21:02:39 CEST,99854
2019-09-24 21:03:33 CEST,99850
2019-09-24 21:04:27 CEST,99856
2019-09-24 21:05:21 CEST,99850
2019-09-24 21:06:15 CEST,99857
2019-09-24 21:07:09 CEST,99859
2019-09-24 21:08:03 CEST,99863
2019-09-24 21:09:00 CEST,99853
2019-09-24 21:09:57 CEST,99859
2019-09-24 21:10:54 CEST,99864
2019-09-24 21:11:51 CEST,99869
2019-09-24 21:12:45 CEST,99869
2019-09-24 21:13:39 CEST,99863
2019-09-24 21:14:33 CEST,99865
2019-09-24 21:15:27 CEST,99866
2019-09-24 21:16:21 CEST,99877
2019-09-24 21:17:15 CEST,99854
2019-09-24 21:18:09 CEST,99866
2019-09-24 21:19:03 CEST,99862
2019-09-24 21:19:57 CEST,99868
2019-09-24 21:20:54 CEST,99862
2019-09-24 21:21:52 CEST,99860
2019-09-24 21:22:49 CEST,99862
2019-09-24 21:23:46 CEST,99868
2019-09-24 21:24:43 CEST,99863
2019-09-24 21:25:40 CEST,99871
2019-09-24 21:26:34 CEST,99883
2019-09-24 21:27:27 CEST,99880
2019-09-24 21:28:24 CEST,99875
2019-09-24 21:29:21 CEST,99887
2019-09-24 21:30:18 CEST,99880
2019-09-24 21:31:15 CEST,99881
2019-09-24 21:32:12 CEST,99904
2019-09-24 21:33:06 CEST,99880
2019-09-24 21:34:03 CEST,99886
2019-09-24 21:34:57 CEST,99877
2019-09-24 21:35:51 CEST,99883
2019-09-24 21:36:45 CEST,99884
2019-09-24 21:37:39 CEST,99881
2019-09-24 21:38:33 CEST,99880
2019-09-24 21:39:27 CEST,99883
2019-09-24 21:40:20 CEST,99881
2019-09-24 21:41:14 CEST,99881
2019-09-24 21:42:11 CEST,99872
2019-09-24 21:43:08 CEST,99878
2019-09-24 21:44:05 CEST,99880
2019-09-24 21:45:02 CEST,99881
2019-09-24 21:45:59 CEST,99869
2019-09-24 21:46:56 CEST,99875
2019-09-24 21:47:50 CEST,99886
2019-09-24 21:48:44 CEST,99878
2019-09-24 21:49:38 CEST,99878
2019-09-24 21:50:32 CEST,99874
2019-09-24 21:51:26 CEST,99872
2019-09-24 21:52:20 CEST,99877
2019-09-24 21:53:13 CEST,99862
2019-09-24 21:54:07 CEST,99872
2019-09-24 21:55:01 CEST,99874
2019-09-24 21:55:55 CEST,99869
2019-09-24 21:56:49 CEST,99874
2019-09-24 21:57:43 CEST,99868
2019-09-24 21:58:37 CEST,99868
2019-09-24 21:59:31 CEST,99868
2019-09-24 22:00:25 CEST,99863
2019-09-24 22:01:19 CEST,99866
2019-09-24 22:02:14 CEST,99868
2019-09-24 22:03:07 CEST,99865
2019-09-24 22:04:01 CEST,99854
2019-09-24 22:04:55 CEST,99859
2019-09-24 22:05:49 CEST,99850
2019-09-24 22:06:43 CEST,99850
2019-09-24 22:07:37 CEST,99857
2019-09-24 22:08:31 CEST,99859
2019-09-24 22:09:25 CEST,99865
2019-09-24 22:10:19 CEST,99856
2019-09-24 22:11:13 CEST,99857
2019-09-24 22:12:07 CEST,99850
2019-09-24 22:13:00 CEST,99854
2019-09-24 22:13:54 CEST,99856
2019-09-24 22:14:48 CEST,99845
2019-09-24 22:15:42 CEST,99848
2019-09-24 22:16:37 CEST,99859
2019-09-24 22:17:31 CEST,99863
2019-09-24 22:18:25 CEST,99857
2019-09-24 22:19:19 CEST,99856
2019-09-24 22:20:13 CEST,99860
2019-09-24 22:21:07 CEST,99856
2019-09-24 22:22:02 CEST,99854
2019-09-24 22:22:56 CEST,99847
2019-09-24 22:23:50 CEST,99856
2019-09-24 22:24:44 CEST,99854
2019-09-24 22:25:38 CEST,99859
2019-09-24 22:26:31 CEST,99865
2019-09-24 22:27:26 CEST,99866
2019-09-24 22:28:20 CEST,99869
2019-09-24 22:29:14 CEST,99877
2019-09-24 22:30:08 CEST,99868
2019-09-24 22:31:02 CEST,99866
2019-09-24 22:31:56 CEST,99869
2019-09-24 22:32:50 CEST,99868
2019-09-24 22:33:44 CEST,99860
2019-09-24 22:34:38 CEST,99874
2019-09-24 22:35:32 CEST,99872
2019-09-24 22:36:26 CEST,99875
2019-09-24 22:37:20 CEST,99877
2019-09-24 22:38:14 CEST,99883
2019-09-24 22:39:08 CEST,99868
2019-09-24 22:40:02 CEST,99883
2019-09-24 22:40:56 CEST,99874
2019-09-24 22:41:50 CEST,99878
2019-09-24 22:42:44 CEST,99883
2019-09-24 22:43:38 CEST,99880
2019-09-24 22:44:31 CEST,99878
2019-09-24 22:45:25 CEST,99878
2019-09-24 22:46:19 CEST,99880
2019-09-24 22:47:13 CEST,99889
2019-09-24 22:48:10 CEST,99896
2019-09-24 22:49:07 CEST,99892
2019-09-24 22:50:04 CEST,99890
2019-09-24 22:51:01 CEST,99914
2019-09-24 22:51:58 CEST,99889
2019-09-24 22:52:55 CEST,99883
2019-09-24 22:53:52 CEST,99881
2019-09-24 22:54:48 CEST,99875
2019-09-24 22:55:45 CEST,99884
2019-09-24 22:56:42 CEST,99892
2019-09-24 22:57:39 CEST,99893
2019-09-24 22:58:36 CEST,99880
2019-09-24 22:59:33 CEST,99892
2019-09-24 23:00:30 CEST,99884
2019-09-24 23:01:27 CEST,99887
2019-09-24 23:02:24 CEST,99895
2019-09-24 23:03:21 CEST,99889
2019-09-24 23:04:18 CEST,99896
2019-09-24 23:05:15 CEST,99887
2019-09-24 23:06:12 CEST,99887
2019-09-24 23:07:09 CEST,99899
2019-09-24 23:08:06 CEST,99884
2019-09-24 23:09:03 CEST,99893
2019-09-24 23:10:00 CEST,99895
2019-09-24 23:10:57 CEST,99893
2019-09-24 23:11:54 CEST,99886
2019-09-24 23:12:50 CEST,99883
2019-09-24 23:13:47 CEST,99877
2019-09-24 23:14:44 CEST,99890
2019-09-24 23:15:41 CEST,99884
2019-09-24 23:16:38 CEST,99893
2019-09-24 23:17:36 CEST,99889
2019-09-24 23:18:33 CEST,99877
2019-09-24 23:19:29 CEST,99876
2019-09-24 23:20:26 CEST,99887
2019-09-24 23:21:23 CEST,99880
2019-09-24 23:22:20 CEST,99877
2019-09-24 23:23:17 CEST,99887
2019-09-24 23:24:14 CEST,99886
2019-09-24 23:25:08 CEST,99876
2019-09-24 23:26:02 CEST,99895
2019-09-24 23:26:56 CEST,99890
2019-09-24 23:27:50 CEST,99890
2019-09-24 23:28:44 CEST,99899
2019-09-24 23:29:38 CEST,99901
2019-09-24 23:30:32 CEST,99898
2019-09-24 23:31:26 CEST,99904
2019-09-24 23:32:20 CEST,99901
2019-09-24 23:33:14 CEST,99902
2019-09-24 23:34:08 CEST,99905
2019-09-24 23:35:02 CEST,99907
2019-09-24 23:35:56 CEST,99901
2019-09-24 23:36:50 CEST,99913
2019-09-24 23:37:45 CEST,99899
2019-09-24 23:38:39 CEST,99913
2019-09-24 23:39:33 CEST,99893
2019-09-24 23:40:27 CEST,99904
2019-09-24 23:41:21 CEST,99895
2019-09-24 23:42:14 CEST,99901
2019-09-24 23:43:08 CEST,99889
2019-09-24 23:44:02 CEST,99881
2019-09-24 23:44:56 CEST,99881
2019-09-24 23:45:50 CEST,99886
2019-09-24 23:46:44 CEST,99867
2019-09-24 23:47:38 CEST,99880
2019-09-24 23:48:32 CEST,99870
2019-09-24 23:49:26 CEST,99871
2019-09-24 23:50:20 CEST,99870
2019-09-24 23:51:14 CEST,99871
2019-09-24 23:52:08 CEST,99867
2019-09-24 23:53:02 CEST,99870
2019-09-24 23:53:56 CEST,99877
2019-09-24 23:54:49 CEST,99873
2019-09-24 23:55:43 CEST,99871
2019-09-24 23:56:37 CEST,99883
2019-09-24 23:57:31 CEST,99880
2019-09-24 23:58:25 CEST,99877
2019-09-24 23:59:19 CEST,99874
2019-09-25 00:00:16 CEST,99879
2019-09-25 00:01:13 CEST,99878
2019-09-25 00:02:10 CEST,99886
2019-09-25 00:03:07 CEST,99868
2019-09-25 00:04:01 CEST,99880
2019-09-25 00:04:55 CEST,99885
2019-09-25 00:05:48 CEST,99886
2019-09-25 00:06:42 CEST,99896
2019-09-25 00:07:36 CEST,99889
2019-09-25 00:08:33 CEST,99895
2019-09-25 00:09:30 CEST,99899
2019-09-25 00:10:27 CEST,99895
2019-09-25 00:11:24 CEST,99899
2019-09-25 00:12:21 CEST,99901
2019-09-25 00:13:18 CEST,99919
2019-09-25 00:14:15 CEST,99893
2019-09-25 00:15:12 CEST,99898
2019-09-25 00:16:09 CEST,99904
2019-09-25 00:17:06 CEST,99890
2019-09-25 00:18:03 CEST,99892
2019-09-25 00:18:59 CEST,99898
2019-09-25 00:19:56 CEST,99885
2019-09-25 00:20:53 CEST,99899
2019-09-25 00:21:50 CEST,99904
2019-09-25 00:22:47 CEST,99898
2019-09-25 00:23:44 CEST,99904
2019-09-25 00:24:38 CEST,99902
2019-09-25 00:25:32 CEST,99907
2019-09-25 00:26:26 CEST,99902
2019-09-25 00:27:20 CEST,99895
2019-09-25 00:28:14 CEST,99904
2019-09-25 00:29:08 CEST,99904
2019-09-25 00:30:01 CEST,99907
2019-09-25 00:30:55 CEST,99901
2019-09-25 00:31:49 CEST,99904
2019-09-25 00:32:43 CEST,99893
2019-09-25 00:33:37 CEST,99893
2019-09-25 00:34:31 CEST,99898
2019-09-25 00:35:25 CEST,99892
2019-09-25 00:36:19 CEST,99896
2019-09-25 00:37:13 CEST,99898
2019-09-25 00:38:07 CEST,99904
2019-09-25 00:39:01 CEST,99901
2019-09-25 00:39:55 CEST,99904
2019-09-25 00:40:48 CEST,99901
2019-09-25 00:41:42 CEST,99901
2019-09-25 00:42:36 CEST,99904
2019-09-25 00:43:30 CEST,99899
2019-09-25 00:44:24 CEST,99899
2019-09-25 00:45:18 CEST,99907
2019-09-25 00:46:12 CEST,99908
2019-09-25 00:47:06 CEST,99899
2019-09-25 00:48:00 CEST,99908
2019-09-25 00:48:57 CEST,99904
2019-09-25 00:49:51 CEST,99907
2019-09-25 00:50:45 CEST,99907
2019-09-25 00:51:39 CEST,99917
2019-09-25 00:52:33 CEST,99911
2019-09-25 00:53:26 CEST,99914
2019-09-25 00:54:20 CEST,99917
2019-09-25 00:55:14 CEST,99911
2019-09-25 00:56:08 CEST,99913
2019-09-25 00:57:02 CEST,99916
2019-09-25 00:57:56 CEST,99917
2019-09-25 00:58:50 CEST,99908
2019-09-25 00:59:44 CEST,99917
2019-09-25 01:00:38 CEST,99917
2019-09-25 01:01:32 CEST,99919
2019-09-25 01:02:25 CEST,99923
2019-09-25 01:03:19 CEST,99919
2019-09-25 01:04:13 CEST,99914
2019-09-25 01:05:11 CEST,99925
2019-09-25 01:06:05 CEST,99920
2019-09-25 01:06:58 CEST,99929
2019-09-25 01:07:52 CEST,99943
2019-09-25 01:08:46 CEST,99926
2019-09-25 01:09:41 CEST,99920
2019-09-26 19:37:05 CEST,100178
2019-09-26 19:38:02 CEST,100179
2019-09-26 19:38:59 CEST,100176
2019-09-26 19:39:56 CEST,100182
2019-09-26 19:40:53 CEST,100187
2019-09-26 19:41:50 CEST,100178
2019-09-26 19:42:48 CEST,100190
2019-09-26 19:43:44 CEST,100182
2019-09-26 19:44:41 CEST,100179
2019-09-26 19:45:38 CEST,100185
2019-09-26 19:46:36 CEST,100179
2019-09-26 19:47:32 CEST,100178
2019-09-26 19:48:30 CEST,100178
2019-09-26 19:49:27 CEST,100179
2019-09-26 19:50:24 CEST,100180
2019-09-26 19:51:20 CEST,100183
2019-09-26 19:52:18 CEST,100204
2019-09-26 19:53:15 CEST,100198
2019-09-26 19:54:12 CEST,100184
2019-09-26 19:55:09 CEST,100185
2019-09-26 19:56:06 CEST,100189
2019-09-26 19:57:03 CEST,100182
2019-09-26 19:58:00 CEST,100189
2019-09-26 19:58:57 CEST,100191
2019-09-26 19:59:54 CEST,100189
2019-09-26 20:00:51 CEST,100200
2019-09-26 20:01:48 CEST,100185
2019-09-26 20:02:45 CEST,100189
2019-09-26 20:03:42 CEST,100182
2019-09-26 20:04:39 CEST,100179
2019-09-26 20:05:36 CEST,100194
2019-09-26 20:06:33 CEST,100189
2019-09-26 20:07:30 CEST,100183
2019-09-26 20:08:27 CEST,100189
2019-09-26 20:09:24 CEST,100188
2019-09-26 20:10:21 CEST,100188
2019-09-26 20:11:18 CEST,100198
2019-09-26 20:12:15 CEST,100198
2019-09-26 20:13:12 CEST,100189
2019-09-26 20:14:10 CEST,100192
2019-09-26 20:15:07 CEST,100194
2019-09-26 20:16:04 CEST,100192
2019-09-26 20:17:01 CEST,100191
2019-09-26 20:17:58 CEST,100200
2019-09-26 20:18:55 CEST,100203
2019-09-26 20:19:52 CEST,100201
2019-09-26 20:20:49 CEST,100207
2019-09-26 20:21:46 CEST,100204
2019-09-26 20:22:43 CEST,100203
2019-09-26 20:23:40 CEST,100210
2019-09-26 20:24:37 CEST,100215
2019-09-26 20:25:34 CEST,100209
2019-09-26 20:26:31 CEST,100204
2019-09-26 20:27:28 CEST,100207
2019-09-26 20:28:25 CEST,100215
2019-09-26 20:29:22 CEST,100210
2019-09-26 20:30:19 CEST,100222
2019-09-26 20:31:16 CEST,100206
2019-09-26 20:32:13 CEST,100215
2019-09-26 20:33:10 CEST,100221
2019-09-26 20:34:07 CEST,100216
2019-09-26 20:35:04 CEST,100224
2019-09-26 20:36:01 CEST,100224
2019-09-26 20:36:58 CEST,100225
2019-09-26 20:37:55 CEST,100216
2019-09-26 20:38:52 CEST,100222
2019-09-26 20:39:50 CEST,100234
2019-09-26 20:40:47 CEST,100216
2019-09-26 20:41:44 CEST,100213
2019-09-26 20:42:41 CEST,100227
2019-09-26 20:43:38 CEST,100227
2019-09-26 20:44:35 CEST,100228
2019-09-26 20:45:32 CEST,100219
2019-09-26 20:46:29 CEST,100224
2019-09-26 20:47:26 CEST,100219
2019-09-26 20:48:23 CEST,100222
2019-09-26 20:49:20 CEST,100216
2019-09-26 20:50:17 CEST,100230
2019-09-26 20:51:14 CEST,100228
2019-09-26 20:52:11 CEST,100228
2019-09-26 20:53:08 CEST,100225
2019-09-26 20:54:05 CEST,100228
2019-09-26 20:55:02 CEST,100234
2019-09-26 20:55:59 CEST,100224
2019-09-26 20:56:56 CEST,100230
2019-09-26 20:57:53 CEST,100230
2019-09-26 20:58:50 CEST,100231
2019-09-26 20:59:47 CEST,100231
2019-09-26 21:00:45 CEST,100228
2019-09-26 21:01:42 CEST,100231
2019-09-26 21:02:39 CEST,100229
2019-09-26 21:03:36 CEST,100234
2019-09-26 21:04:33 CEST,100232
2019-09-26 21:05:30 CEST,100238
2019-09-26 21:06:27 CEST,100222
2019-09-26 21:07:24 CEST,100241
2019-09-26 21:08:21 CEST,100232
2019-09-26 21:09:18 CEST,100246
2019-09-26 21:10:15 CEST,100232
2019-09-26 21:11:12 CEST,100246
2019-09-26 21:12:09 CEST,100243
2019-09-26 21:13:06 CEST,100235
2019-09-26 21:14:03 CEST,100237
2019-09-26 21:15:00 CEST,100244
2019-09-26 21:15:57 CEST,100246
2019-09-26 21:16:54 CEST,100246
2019-09-26 21:17:51 CEST,100244
2019-09-26 21:18:48 CEST,100241
2019-09-26 21:19:45 CEST,100252
2019-09-26 21:20:42 CEST,100246
2019-09-26 21:21:39 CEST,100249
2019-09-26 21:22:36 CEST,100256
2019-09-26 21:23:33 CEST,100253
2019-09-26 21:24:30 CEST,100253
2019-09-26 21:25:27 CEST,100250
2019-09-26 21:26:25 CEST,100249
2019-09-26 21:27:22 CEST,100247
2019-09-26 21:28:19 CEST,100255
2019-09-26 21:29:16 CEST,100246
2019-09-26 21:30:13 CEST,100249
2019-09-26 21:31:10 CEST,100250
2019-09-26 21:32:07 CEST,100265
2019-09-26 21:33:04 CEST,100246
2019-09-26 21:34:01 CEST,100250
2019-09-26 21:34:58 CEST,100256
2019-09-26 21:35:55 CEST,100253
2019-09-26 21:36:53 CEST,100259
2019-09-26 21:37:50 CEST,100264
2019-09-26 21:38:47 CEST,100249
2019-09-26 21:39:44 CEST,100244
2019-09-26 21:40:41 CEST,100259
2019-09-26 21:41:38 CEST,100256
2019-09-26 21:42:35 CEST,100261
2019-09-26 21:43:32 CEST,100264
2019-09-26 21:44:29 CEST,100261
2019-09-26 21:45:26 CEST,100262
2019-09-26 21:46:23 CEST,100268
2019-09-26 21:47:20 CEST,100261
2019-09-26 21:48:17 CEST,100262
2019-09-26 21:49:14 CEST,100256
2019-09-26 21:50:11 CEST,100265
2019-09-26 21:51:08 CEST,100258
2019-09-26 21:52:05 CEST,100265
2019-09-26 21:53:03 CEST,100264
2019-09-26 21:54:00 CEST,100265
2019-09-26 21:54:56 CEST,100276
2019-09-26 21:55:54 CEST,100270
2019-09-26 21:56:51 CEST,100265
2019-09-26 21:57:48 CEST,100271
2019-09-26 21:58:45 CEST,100265
2019-09-26 21:59:42 CEST,100271
2019-09-26 22:00:39 CEST,100270
2019-09-26 22:01:36 CEST,100271
2019-09-26 22:02:33 CEST,100264
2019-09-26 22:03:30 CEST,100273
2019-09-26 22:04:27 CEST,100268
2019-09-26 22:05:24 CEST,100274
2019-09-26 22:06:21 CEST,100273
2019-09-26 22:07:18 CEST,100274
2019-09-26 22:08:15 CEST,100280
2019-09-26 22:09:12 CEST,100271
2019-09-26 22:10:09 CEST,100277
2019-09-26 22:11:06 CEST,100271
2019-09-26 22:12:03 CEST,100267
2019-09-26 22:13:00 CEST,100273
2019-09-26 22:13:57 CEST,100273
2019-09-26 22:14:54 CEST,100279
2019-09-26 22:15:51 CEST,100279
2019-09-26 22:16:48 CEST,100277
2019-09-26 22:17:45 CEST,100280
2019-09-26 22:18:43 CEST,100282
2019-09-26 22:19:40 CEST,100280
2019-09-26 22:20:37 CEST,100273
2019-09-26 22:21:34 CEST,100277
2019-09-26 22:22:31 CEST,100274
2019-09-26 22:23:28 CEST,100279
2019-09-26 22:24:25 CEST,100277
2019-09-26 22:25:22 CEST,100276
2019-09-26 22:26:19 CEST,100280
2019-09-26 22:27:16 CEST,100283
2019-09-26 22:28:13 CEST,100288
2019-09-26 22:29:10 CEST,100283
2019-09-26 22:30:07 CEST,100282
2019-09-26 22:31:04 CEST,100283
2019-09-26 22:32:01 CEST,100293
2019-09-26 22:32:58 CEST,100288
2019-09-26 22:33:55 CEST,100291
2019-09-26 22:34:52 CEST,100286
2019-09-26 22:35:49 CEST,100283
2019-09-26 22:36:46 CEST,100286
2019-09-26 22:37:43 CEST,100285
2019-09-26 22:38:40 CEST,100285
2019-09-26 22:39:37 CEST,100283
2019-09-26 22:40:34 CEST,100288
2019-09-26 22:41:31 CEST,100282
2019-09-26 22:42:28 CEST,100288
2019-09-26 22:43:25 CEST,100288
2019-09-26 22:44:22 CEST,100282
2019-09-26 22:45:19 CEST,100288
2019-09-26 22:46:16 CEST,100286
2019-09-26 22:47:13 CEST,100288
2019-09-26 22:48:10 CEST,100297
2019-09-26 22:49:07 CEST,100278
2019-09-26 22:50:04 CEST,100287
2019-09-26 22:51:01 CEST,100294
2019-09-26 22:51:59 CEST,100289
2019-09-26 22:52:55 CEST,100281
2019-09-26 22:53:52 CEST,100283
2019-09-26 22:54:50 CEST,100291
2019-09-26 22:55:47 CEST,100283
2019-09-26 22:56:44 CEST,100287
2019-09-26 22:57:41 CEST,100288
2019-09-26 22:58:38 CEST,100291
2019-09-26 22:59:35 CEST,100291
2019-09-26 23:00:32 CEST,100292
2019-09-26 23:01:29 CEST,100290
2019-09-26 23:02:26 CEST,100292
2019-09-26 23:03:23 CEST,100292
2019-09-26 23:04:20 CEST,100292
2019-09-26 23:05:17 CEST,100287
2019-09-26 23:06:14 CEST,100292
2019-09-26 23:07:12 CEST,100302
2019-09-26 23:08:09 CEST,100288
2019-09-26 23:09:07 CEST,100289
2019-09-26 23:10:04 CEST,100292
2019-09-26 23:11:01 CEST,100301
2019-09-26 23:11:59 CEST,100299
2019-09-26 23:12:56 CEST,100294
2019-09-26 23:13:53 CEST,100303
2019-09-26 23:14:50 CEST,100300
2019-09-26 23:15:47 CEST,100309
2019-09-26 23:16:44 CEST,100308
2019-09-26 23:17:42 CEST,100296
2019-09-26 23:18:39 CEST,100299
2019-09-26 23:19:37 CEST,100298
2019-09-26 23:20:34 CEST,100295
2019-09-26 23:21:31 CEST,100304
2019-09-26 23:22:29 CEST,100305
2019-09-26 23:23:27 CEST,100307
2019-09-26 23:24:24 CEST,100305
2019-09-26 23:25:21 CEST,100307
2019-09-26 23:26:18 CEST,100302
2019-09-26 23:27:15 CEST,100310
2019-09-26 23:28:13 CEST,100310
2019-09-26 23:29:10 CEST,100310
2019-09-26 23:30:07 CEST,100305
2019-09-26 23:31:04 CEST,100313
2019-09-26 23:32:01 CEST,100301
2019-09-26 23:32:58 CEST,100302
2019-09-26 23:33:55 CEST,100304
2019-09-26 23:34:52 CEST,100311
2019-09-26 23:35:49 CEST,100310
2019-09-26 23:36:46 CEST,100310
2019-09-26 23:37:43 CEST,100304
2019-09-26 23:38:40 CEST,100304
2019-09-26 23:39:37 CEST,100295
2019-09-26 23:40:34 CEST,100293
2019-09-26 23:41:31 CEST,100295
2019-09-26 23:42:28 CEST,100296
2019-09-26 23:43:25 CEST,100299
2019-09-26 23:44:22 CEST,100298
2019-09-26 23:45:19 CEST,100298
2019-09-26 23:46:16 CEST,100304
2019-09-26 23:47:13 CEST,100293
2019-09-26 23:48:11 CEST,100299
2019-09-26 23:49:08 CEST,100295
2019-09-26 23:50:05 CEST,100298
2019-09-26 23:54:42 CEST,100296
2019-09-26 23:55:36 CEST,100300
2019-09-26 23:56:30 CEST,100297
2019-09-26 23:57:24 CEST,100294
2019-09-26 23:58:18 CEST,100306
2019-09-26 23:59:12 CEST,100305
2019-09-27 00:00:06 CEST,100299
2019-09-27 00:01:00 CEST,100303
2019-09-27 00:01:54 CEST,100308
2019-09-27 00:02:48 CEST,100305
2019-09-27 00:03:42 CEST,100294
2019-09-27 00:04:36 CEST,100297
2019-09-27 00:05:30 CEST,100293
2019-09-27 00:06:24 CEST,100293
2019-09-27 00:07:18 CEST,100303
2019-09-27 00:08:12 CEST,100305
2019-09-27 00:09:06 CEST,100302
2019-09-27 00:10:00 CEST,100302
2019-09-27 00:10:54 CEST,100302
2019-09-27 00:11:48 CEST,100302
2019-09-27 00:12:42 CEST,100303
2019-09-27 00:13:36 CEST,100312
2019-09-27 00:14:30 CEST,100314
2019-09-27 00:15:24 CEST,100309
2019-09-27 00:16:18 CEST,100302
2019-09-27 00:17:12 CEST,100317
2019-09-27 00:18:06 CEST,100300
2019-09-27 00:28:08 CEST,100296
2019-09-27 00:29:02 CEST,100302
2019-09-27 00:29:56 CEST,100311
2019-09-27 00:30:50 CEST,100300
2019-09-27 00:31:44 CEST,100299
2019-09-27 00:32:38 CEST,100299
2019-09-27 00:33:32 CEST,100305
2019-09-27 00:34:26 CEST,100302
2019-09-27 00:35:20 CEST,100297
2019-09-27 00:36:14 CEST,100299
2019-09-27 00:37:08 CEST,100302
2019-09-27 00:38:02 CEST,100302
2019-09-27 00:38:56 CEST,100318
2019-09-27 00:39:50 CEST,100312
2019-09-27 00:40:44 CEST,100315
2019-09-27 00:41:38 CEST,100312
2019-09-27 00:42:32 CEST,100317
2019-09-27 00:43:26 CEST,100306
2019-09-27 00:44:20 CEST,100317
2019-09-27 00:45:14 CEST,100306
2019-09-27 00:46:08 CEST,100308
2019-09-27 00:47:02 CEST,100303
2019-09-27 00:47:56 CEST,100308
2019-09-27 00:48:50 CEST,100300
2019-09-27 00:49:44 CEST,100308
2019-09-27 00:50:38 CEST,100305
2019-09-27 00:51:32 CEST,100312
2019-09-27 00:52:26 CEST,100302
2019-09-27 00:53:20 CEST,100303
2019-09-27 00:54:14 CEST,100303
2019-09-27 00:55:08 CEST,100311
2019-09-27 00:56:02 CEST,100306
2019-09-27 00:56:57 CEST,100309
2019-09-27 00:57:51 CEST,100299
2019-09-27 00:58:45 CEST,100308
2019-09-27 00:59:39 CEST,100308
2019-09-27 01:00:33 CEST,100313
2019-09-27 01:01:27 CEST,100304
2019-09-27 01:02:21 CEST,100316
2019-09-27 01:03:14 CEST,100307
2019-09-27 01:04:08 CEST,100322
2019-09-27 01:05:02 CEST,100307
2019-09-27 01:05:56 CEST,100314
2019-09-27 01:06:51 CEST,100313
2019-09-27 01:07:45 CEST,100316
2019-09-27 01:08:39 CEST,100308
2019-09-27 01:09:33 CEST,100307
2019-09-27 01:10:27 CEST,100314
2019-09-27 01:11:21 CEST,100307
2019-09-27 01:12:15 CEST,100308
2019-09-27 01:13:09 CEST,100316
2019-09-27 01:14:03 CEST,100317
2019-09-27 01:14:57 CEST,100301
2019-09-27 01:15:51 CEST,100310
2019-09-27 01:16:45 CEST,100299
2019-09-27 01:17:39 CEST,100307
2019-09-27 01:18:33 CEST,100304
2019-09-27 01:19:27 CEST,100302
2019-09-27 01:20:21 CEST,100301
2019-09-27 01:21:15 CEST,100309
2019-09-27 01:22:09 CEST,100302
2019-09-27 01:23:03 CEST,100301
2019-09-27 01:23:57 CEST,100304
2019-09-27 01:24:51 CEST,100308
2019-09-27 01:25:45 CEST,100301
2019-09-27 01:26:39 CEST,100301
2019-09-27 01:27:33 CEST,100310
2019-09-27 01:28:27 CEST,100311
2019-09-27 01:29:21 CEST,100302
2019-09-27 01:30:15 CEST,100310
2019-09-27 01:31:09 CEST,100310
2019-09-27 01:32:03 CEST,100302
2019-09-27 01:32:57 CEST,100314
2019-09-27 01:33:51 CEST,100305
2019-09-27 01:34:45 CEST,100302
2019-09-27 01:35:39 CEST,100307
2019-09-27 01:36:33 CEST,100316
2019-09-27 01:37:27 CEST,100310
2019-09-27 01:38:21 CEST,100316
2019-09-27 01:39:15 CEST,100308
2019-09-27 01:40:09 CEST,100316
2019-09-27 01:41:03 CEST,100301
2019-09-27 01:41:57 CEST,100308
2019-09-27 01:42:51 CEST,100311
2019-09-27 01:43:45 CEST,100308
2019-09-27 01:44:39 CEST,100304
2019-09-27 01:45:33 CEST,100305
2019-09-27 01:46:27 CEST,100298
2019-09-27 01:47:21 CEST,100307
2019-09-27 01:48:15 CEST,100308
2019-09-27 01:49:09 CEST,100311
2019-09-27 01:50:03 CEST,100313
2019-09-27 01:50:57 CEST,100307
2019-09-27 01:51:51 CEST,100305
2019-09-27 01:52:45 CEST,100302
2019-09-27 01:53:39 CEST,100308
2019-09-27 01:54:33 CEST,100313
2019-09-27 01:55:27 CEST,100298
2019-09-27 01:56:21 CEST,100301
2019-09-27 01:57:15 CEST,100302
2019-09-27 01:58:09 CEST,100302
2019-09-27 01:59:03 CEST,100296
2019-09-27 01:59:57 CEST,100296
2019-09-27 02:00:51 CEST,100298
2019-09-27 02:01:45 CEST,100301
2019-09-27 02:02:39 CEST,100305
2019-09-27 02:03:33 CEST,100299
2019-09-27 02:04:27 CEST,100303
2019-09-27 02:05:21 CEST,100301
2019-09-27 02:06:15 CEST,100308
2019-09-27 02:15:12 CEST,100302
2019-09-27 02:16:06 CEST,100293
2019-09-27 02:17:00 CEST,100296
2019-09-27 02:17:54 CEST,100301
2019-09-27 02:18:48 CEST,100299
2019-09-27 02:19:42 CEST,100298
2019-09-27 02:20:36 CEST,100296
2019-09-27 02:21:29 CEST,100293
2019-09-27 02:22:23 CEST,100296
2019-09-27 02:23:17 CEST,100298
2019-09-27 02:24:11 CEST,100293
2019-09-27 02:25:05 CEST,100289
2019-09-27 02:25:59 CEST,100298
2019-09-27 02:26:53 CEST,100301
2019-09-27 02:27:47 CEST,100298
2019-09-27 02:28:41 CEST,100296
2019-09-27 02:29:35 CEST,100299
2019-09-27 02:30:29 CEST,100297
2019-09-27 02:31:23 CEST,100289
2019-09-27 02:32:17 CEST,100292
2019-09-27 02:33:11 CEST,100289
2019-09-27 02:34:05 CEST,100295
2019-09-27 02:34:59 CEST,100296
2019-09-27 02:35:53 CEST,100290
2019-09-27 02:36:47 CEST,100293
2019-09-27 02:37:41 CEST,100287
2019-09-27 02:38:35 CEST,100289
2019-09-27 02:39:29 CEST,100292
2019-09-27 02:40:23 CEST,100305
2019-09-27 02:41:17 CEST,100296
2019-09-27 02:42:11 CEST,100292
2019-09-27 02:43:05 CEST,100303
2019-09-27 02:43:59 CEST,100294
2019-09-27 02:44:53 CEST,100299
2019-09-27 02:45:47 CEST,100297
2019-09-27 02:46:41 CEST,100294
2019-09-27 02:47:35 CEST,100300
2019-09-27 02:48:29 CEST,100288
2019-09-27 02:49:23 CEST,100297
2019-09-27 02:50:17 CEST,100299
2019-09-27 02:51:11 CEST,100291
2019-09-27 02:52:05 CEST,100288
2019-09-27 02:52:59 CEST,100286
2019-09-27 02:53:53 CEST,100296
2019-09-27 02:54:47 CEST,100297
2019-09-27 02:55:41 CEST,100290
2019-09-27 02:56:35 CEST,100288
2019-09-27 02:57:29 CEST,100302
2019-09-27 02:58:23 CEST,100291
2019-09-27 02:59:17 CEST,100285
2019-09-27 03:00:11 CEST,100283
2019-09-27 03:01:05 CEST,100296
2019-09-27 03:01:59 CEST,100280
2019-09-27 03:02:53 CEST,100285
2019-09-27 03:03:47 CEST,100293
2019-09-27 03:04:41 CEST,100294
2019-09-27 03:05:35 CEST,100288
2019-09-27 03:06:29 CEST,100293
2019-09-27 03:07:23 CEST,100294
2019-09-27 03:08:17 CEST,100288
2019-09-27 03:09:11 CEST,100299
2019-09-27 03:10:05 CEST,100295
2019-09-27 03:10:59 CEST,100284
2019-09-27 03:11:53 CEST,100293
2019-09-27 03:12:47 CEST,100289
2019-09-27 03:13:41 CEST,100285
2019-09-27 03:14:35 CEST,100282
2019-09-27 03:15:29 CEST,100289
2019-09-27 03:16:23 CEST,100288
2019-09-27 03:17:18 CEST,100282
2019-09-27 03:18:12 CEST,100283
2019-09-27 03:19:05 CEST,100283
2019-09-27 03:20:00 CEST,100285
2019-09-27 03:20:53 CEST,100288
2019-09-27 03:21:48 CEST,100277
2019-09-27 03:22:42 CEST,100288
2019-09-27 03:23:36 CEST,100285
2019-09-27 03:24:30 CEST,100279
2019-09-27 03:25:24 CEST,100274
2019-09-27 03:26:18 CEST,100288
2019-09-27 03:27:11 CEST,100278
2019-09-27 03:28:06 CEST,100291
2019-09-27 03:29:00 CEST,100293
2019-09-27 03:34:40 CEST,100290
2019-09-27 03:35:34 CEST,100298
2019-09-27 03:36:28 CEST,100288
2019-09-27 03:37:22 CEST,100295
2019-09-27 03:38:16 CEST,100289
2019-09-27 03:39:10 CEST,100298
2019-09-27 03:40:04 CEST,100298
2019-09-27 03:40:58 CEST,100295
2019-09-27 03:41:52 CEST,100298
2019-09-27 03:42:45 CEST,100289
2019-09-27 03:43:39 CEST,100292
2019-09-27 03:44:33 CEST,100295
2019-09-27 03:45:27 CEST,100299
2019-09-27 03:46:21 CEST,100290
2019-09-27 03:47:15 CEST,100290
2019-09-27 03:48:09 CEST,100284
2019-09-27 03:49:03 CEST,100292
2019-09-27 03:49:57 CEST,100299
2019-09-27 03:50:51 CEST,100290
2019-09-27 03:51:45 CEST,100300
2019-09-27 03:52:39 CEST,100297
2019-09-27 03:53:33 CEST,100293
2019-09-27 03:54:27 CEST,100288
2019-09-27 03:55:21 CEST,100288
2019-09-27 03:56:15 CEST,100286
2019-09-27 04:04:58 CEST,100287
2019-09-27 04:05:52 CEST,100281
2019-09-27 04:06:46 CEST,100281
2019-09-27 04:07:40 CEST,100293
2019-09-27 04:08:34 CEST,100282
2019-09-27 04:09:28 CEST,100292
2019-09-27 04:10:22 CEST,100288
2019-09-27 04:11:16 CEST,100273
2019-09-27 04:12:11 CEST,100293
2019-09-27 04:13:05 CEST,100298
2019-09-27 04:13:59 CEST,100302
2019-09-27 04:14:53 CEST,100296
2019-09-27 04:15:47 CEST,100299
2019-09-27 04:16:41 CEST,100301
2019-09-27 04:17:35 CEST,100298
2019-09-27 04:18:29 CEST,100298
2019-09-27 04:19:23 CEST,100299
2019-09-27 04:20:17 CEST,100296
2019-09-27 04:21:11 CEST,100293
2019-09-27 04:22:05 CEST,100296
2019-09-27 04:22:59 CEST,100296
2019-09-27 04:23:53 CEST,100293
2019-09-27 04:24:47 CEST,100293
2019-09-27 04:25:41 CEST,100297
2019-09-27 04:26:35 CEST,100296
2019-09-27 04:27:29 CEST,100297
2019-09-27 04:28:23 CEST,100290
2019-09-27 04:29:17 CEST,100299
2019-09-27 04:30:11 CEST,100296
2019-09-27 04:31:05 CEST,100300
2019-09-27 04:31:59 CEST,100299
2019-09-27 04:32:53 CEST,100305
2019-09-27 04:33:47 CEST,100312
2019-09-27 04:34:41 CEST,100309
2019-09-27 04:35:35 CEST,100305
2019-09-27 04:36:29 CEST,100306
2019-09-27 04:37:23 CEST,100305
2019-09-27 04:38:16 CEST,100299
2019-09-27 04:39:10 CEST,100300
2019-09-27 04:40:04 CEST,100294
2019-09-27 04:40:58 CEST,100302
2019-09-27 04:41:52 CEST,100302
2019-09-27 04:42:46 CEST,100297
2019-09-27 04:43:40 CEST,100302
2019-09-27 04:44:34 CEST,100299
2019-09-27 04:45:28 CEST,100303
2019-09-27 04:46:22 CEST,100307
2019-09-27 04:47:16 CEST,100302
2019-09-27 04:48:10 CEST,100299
2019-09-27 04:49:04 CEST,100297
2019-09-27 04:49:58 CEST,100306
2019-09-27 04:50:53 CEST,100299
2019-09-27 04:51:46 CEST,100300
2019-09-27 04:55:19 CEST,100303
2019-09-27 04:56:13 CEST,100308
2019-09-27 04:57:07 CEST,100302
2019-09-27 04:58:01 CEST,100312
2019-09-27 04:58:55 CEST,100306
2019-09-27 04:59:49 CEST,100311
2019-09-27 05:00:43 CEST,100314
2019-09-27 05:01:37 CEST,100315
2019-09-27 05:02:32 CEST,100312
2019-09-27 05:03:26 CEST,100312
2019-09-27 05:04:20 CEST,100320
2019-09-27 05:05:14 CEST,100320
2019-09-27 05:06:08 CEST,100315
2019-09-27 05:07:02 CEST,100315
2019-09-27 05:07:56 CEST,100318
2019-09-27 05:08:50 CEST,100321
2019-09-27 05:09:44 CEST,100324
2019-09-27 05:10:38 CEST,100326
2019-09-27 05:11:32 CEST,100330
2019-09-27 05:12:26 CEST,100331
2019-09-27 05:13:20 CEST,100321
2019-09-27 05:14:14 CEST,100325
2019-09-27 05:15:08 CEST,100334
2019-09-27 05:16:02 CEST,100330
2019-09-27 05:16:56 CEST,100330
2019-09-27 05:17:50 CEST,100336
2019-09-27 05:18:44 CEST,100348
2019-09-27 05:19:38 CEST,100341
2019-09-27 05:20:32 CEST,100342
2019-09-27 05:21:26 CEST,100347
2019-09-27 05:22:20 CEST,100338
2019-09-27 05:23:14 CEST,100342
2019-09-27 05:24:08 CEST,100344
2019-09-27 05:25:02 CEST,100339
2019-09-27 05:25:56 CEST,100353
2019-09-27 05:26:50 CEST,100348
2019-09-27 05:27:44 CEST,100350
2019-09-27 05:28:38 CEST,100353
2019-09-27 05:29:32 CEST,100339
2019-09-27 05:30:26 CEST,100345
2019-09-27 05:31:20 CEST,100353
2019-09-27 05:32:14 CEST,100345
2019-09-27 05:33:08 CEST,100345
2019-09-27 05:34:02 CEST,100350
2019-09-27 05:34:56 CEST,100350
2019-09-27 05:35:50 CEST,100357
2019-09-27 05:36:44 CEST,100354
2019-09-27 05:37:38 CEST,100357
2019-09-27 05:38:32 CEST,100353
2019-09-27 05:39:26 CEST,100357
2019-09-27 05:40:20 CEST,100351
2019-09-27 05:41:14 CEST,100350
2019-09-27 05:42:08 CEST,100357
2019-09-27 05:43:02 CEST,100354
2019-09-27 05:43:56 CEST,100371
2019-09-27 05:44:50 CEST,100357
2019-09-27 05:45:44 CEST,100359
2019-09-27 05:46:38 CEST,100369
2019-09-27 05:47:32 CEST,100362
2019-09-27 05:48:26 CEST,100360
2019-09-27 05:49:20 CEST,100366
2019-09-27 05:50:14 CEST,100363
2019-09-27 05:51:08 CEST,100366
2019-09-27 05:52:02 CEST,100371
2019-09-27 05:52:56 CEST,100362
2019-09-27 05:53:50 CEST,100359
2019-09-27 05:54:44 CEST,100371
2019-09-27 05:55:38 CEST,100371
2019-09-27 05:56:32 CEST,100371
2019-09-27 05:57:26 CEST,100384
2019-09-27 05:58:19 CEST,100381
2019-09-27 05:59:13 CEST,100386
2019-09-27 06:00:07 CEST,100380
2019-09-27 06:01:01 CEST,100384
2019-09-27 06:01:55 CEST,100389
2019-09-27 06:02:49 CEST,100386
2019-09-27 06:03:43 CEST,100389
2019-09-27 06:04:37 CEST,100392
2019-09-27 06:05:31 CEST,100381
2019-09-27 06:06:25 CEST,100378
2019-09-27 06:07:19 CEST,100383
2019-09-27 06:08:13 CEST,100381
2019-09-27 06:09:07 CEST,100383
2019-09-27 06:10:01 CEST,100396
2019-09-27 06:10:55 CEST,100386
2019-09-27 06:11:49 CEST,100383
2019-09-27 06:12:43 CEST,100389
2019-09-27 06:13:36 CEST,100392
2019-09-27 06:21:54 CEST,100386
2019-09-27 06:22:48 CEST,100386
2019-09-27 06:23:42 CEST,100392
2019-09-27 06:24:36 CEST,100386
2019-09-27 06:25:30 CEST,100383
2019-09-27 06:26:24 CEST,100383
2019-09-27 06:27:18 CEST,100390
2019-09-27 06:28:12 CEST,100387
2019-09-27 06:29:06 CEST,100389
2019-09-27 06:30:00 CEST,100394
2019-09-27 06:30:54 CEST,100387
2019-09-27 06:31:48 CEST,100381
2019-09-27 06:32:42 CEST,100396
2019-09-27 06:33:36 CEST,100391
2019-09-27 06:34:30 CEST,100393
2019-09-27 06:35:24 CEST,100393
2019-09-27 06:36:18 CEST,100391
2019-09-27 06:37:12 CEST,100393
2019-09-27 06:38:06 CEST,100387
2019-09-27 06:39:00 CEST,100390
2019-09-27 06:39:54 CEST,100391
2019-09-27 06:40:48 CEST,100387
2019-09-27 06:41:42 CEST,100391
2019-09-27 06:42:36 CEST,100384
2019-09-27 06:43:30 CEST,100376
2019-09-27 06:44:24 CEST,100385
2019-09-27 06:45:18 CEST,100384
2019-09-27 06:46:12 CEST,100379
2019-09-27 06:47:06 CEST,100376
2019-09-27 06:48:00 CEST,100382
2019-09-27 06:48:54 CEST,100379
2019-09-27 06:49:48 CEST,100388
2019-09-27 06:50:42 CEST,100384
2019-09-27 06:51:36 CEST,100387
2019-09-27 06:52:30 CEST,100385
2019-09-27 06:53:24 CEST,100388
2019-09-27 06:54:18 CEST,100384
2019-09-27 06:55:12 CEST,100385
2019-09-27 06:56:06 CEST,100373
2019-09-27 06:57:00 CEST,100378
2019-09-27 06:57:54 CEST,100379
2019-09-27 06:58:48 CEST,100384
2019-09-27 06:59:42 CEST,100388
2019-09-27 07:00:36 CEST,100378
2019-09-27 07:01:30 CEST,100384
2019-09-27 07:02:23 CEST,100385
2019-09-27 07:03:17 CEST,100385
2019-09-27 07:04:11 CEST,100383
2019-09-27 07:05:05 CEST,100383
2019-09-27 07:05:59 CEST,100391
2019-09-27 07:06:53 CEST,100387
2019-09-27 07:07:47 CEST,100387
2019-09-27 07:08:41 CEST,100390
2019-09-27 07:09:35 CEST,100386
2019-09-27 07:10:29 CEST,100391
2019-09-27 07:11:23 CEST,100384
2019-09-27 07:12:17 CEST,100390
2019-09-27 07:13:11 CEST,100385
2019-09-27 07:14:05 CEST,100388
2019-09-27 07:14:59 CEST,100393
2019-09-27 07:15:53 CEST,100386
2019-09-27 07:16:47 CEST,100391
2019-09-27 07:17:41 CEST,100388
2019-09-27 07:18:35 CEST,100393
2019-09-27 07:19:29 CEST,100396
2019-09-27 07:20:23 CEST,100397
2019-09-27 07:21:17 CEST,100400
2019-09-27 07:22:11 CEST,100400
2019-09-27 07:23:05 CEST,100399
2019-09-27 07:23:59 CEST,100393
2019-09-27 07:24:53 CEST,100394
2019-09-27 07:25:47 CEST,100399
2019-09-27 07:26:41 CEST,100402
2019-09-27 07:27:35 CEST,100400
2019-09-27 07:28:29 CEST,100403
2019-09-27 07:29:23 CEST,100405
2019-09-27 07:30:17 CEST,100393
2019-09-27 07:31:11 CEST,100405
2019-09-27 07:32:05 CEST,100400
2019-09-27 07:32:59 CEST,100405
2019-09-27 07:33:53 CEST,100405
2019-09-27 07:34:47 CEST,100400
2019-09-27 07:35:41 CEST,100400
2019-09-27 07:36:35 CEST,100406
2019-09-27 07:37:29 CEST,100393
2019-09-27 07:38:23 CEST,100402
2019-09-27 07:39:17 CEST,100399
2019-09-27 07:40:11 CEST,100394
2019-09-27 07:41:05 CEST,100408
2019-09-27 07:41:59 CEST,100409
2019-09-27 07:42:53 CEST,100405
2019-09-27 07:43:47 CEST,100406
2019-09-27 07:44:41 CEST,100406
2019-09-27 07:45:35 CEST,100411
2019-09-27 07:46:29 CEST,100406
2019-09-27 07:47:23 CEST,100414
2019-09-27 07:48:17 CEST,100415
2019-09-27 07:49:11 CEST,100406
2019-09-27 07:50:05 CEST,100408
2019-09-27 07:50:58 CEST,100411
2019-09-27 07:51:52 CEST,100402
2019-09-27 07:52:46 CEST,100409
2019-09-27 07:53:40 CEST,100402
2019-09-27 07:54:34 CEST,100415
2019-09-27 07:55:28 CEST,100403
2019-09-27 07:56:22 CEST,100414
2019-09-27 07:57:16 CEST,100406
2019-09-27 07:58:10 CEST,100402
2019-09-27 07:59:04 CEST,100416
2019-09-27 07:59:58 CEST,100416
2019-09-27 08:00:52 CEST,100419
2019-09-27 08:01:46 CEST,100424
2019-09-27 08:02:40 CEST,100412
2019-09-27 08:03:34 CEST,100425
2019-09-27 08:04:28 CEST,100411
2019-09-27 08:05:22 CEST,100425
2019-09-27 08:06:16 CEST,100425
2019-09-27 08:07:10 CEST,100422
2019-09-27 08:08:03 CEST,100417
2019-09-27 08:08:57 CEST,100423
2019-09-27 08:09:51 CEST,100435
2019-09-27 08:10:45 CEST,100420
2019-09-27 08:11:39 CEST,100429
2019-09-27 08:12:33 CEST,100429
2019-09-27 08:13:27 CEST,100435
2019-09-27 08:14:21 CEST,100424
2019-09-27 08:15:15 CEST,100417
2019-09-27 08:16:09 CEST,100420
2019-09-27 08:17:03 CEST,100426
2019-09-27 08:17:57 CEST,100426
2019-09-27 08:18:51 CEST,100430
2019-09-27 08:19:45 CEST,100432
2019-09-27 08:20:39 CEST,100429
2019-09-27 08:21:32 CEST,100436
2019-09-27 08:22:26 CEST,100424
2019-09-27 08:23:20 CEST,100435
2019-09-27 08:24:14 CEST,100424
2019-09-27 08:25:08 CEST,100432
2019-09-27 08:26:02 CEST,100438
2019-09-27 08:26:56 CEST,100439
2019-09-27 08:27:50 CEST,100441
2019-09-27 08:28:44 CEST,100436
2019-09-27 08:29:38 CEST,100442
2019-09-27 08:30:32 CEST,100430
2019-09-27 08:31:26 CEST,100439
2019-09-27 08:32:20 CEST,100442
2019-09-27 08:33:14 CEST,100444
2019-09-27 08:34:08 CEST,100439
2019-09-27 08:35:02 CEST,100441
2019-09-27 08:35:56 CEST,100447
2019-09-27 08:36:50 CEST,100447
2019-09-27 08:37:44 CEST,100451
2019-09-27 08:38:38 CEST,100450
2019-09-27 08:39:32 CEST,100453
2019-09-27 08:40:26 CEST,100454
2019-09-27 08:41:20 CEST,100451
2019-09-27 08:42:14 CEST,100450
2019-09-27 08:43:08 CEST,100451
2019-09-27 08:44:02 CEST,100456
2019-09-27 08:44:56 CEST,100453
2019-09-27 08:45:50 CEST,100450
2019-09-27 08:46:44 CEST,100448
2019-09-27 08:47:38 CEST,100454
2019-09-27 08:48:32 CEST,100449
2019-09-27 08:49:26 CEST,100456
2019-09-27 08:50:20 CEST,100447
2019-09-27 08:51:14 CEST,100447
2019-09-27 08:52:08 CEST,100458
2019-09-27 08:53:02 CEST,100443
2019-09-27 08:53:56 CEST,100450
2019-09-27 08:54:50 CEST,100458
2019-09-27 08:55:44 CEST,100449
2019-09-27 08:56:37 CEST,100449
2019-09-27 08:57:31 CEST,100461
2019-09-27 08:58:25 CEST,100456
2019-09-27 08:59:19 CEST,100465
2019-09-27 09:00:13 CEST,100465
2019-09-27 09:43:29 CEST,100489
2019-09-27 09:44:23 CEST,100484
2019-09-27 09:45:17 CEST,100478
2019-09-27 09:46:11 CEST,100490
2019-09-27 09:47:05 CEST,100493
2019-09-27 09:47:59 CEST,100492
2019-09-27 09:49:27 CEST,100484
2019-09-27 09:50:21 CEST,100475
2019-09-27 09:51:15 CEST,100476
2019-09-27 09:52:09 CEST,100478
2019-09-27 09:53:03 CEST,100478
2019-09-27 09:53:57 CEST,100483
2019-09-27 09:54:51 CEST,100483
2019-09-27 09:55:45 CEST,100474
2019-09-27 09:56:39 CEST,100477
2019-09-27 09:57:46 CEST,100469
2019-09-27 09:58:40 CEST,100472
2019-09-27 09:59:34 CEST,100479
2019-09-27 10:00:25 CEST,100468
2019-09-27 10:01:19 CEST,100477
2019-09-27 10:02:13 CEST,100480
2019-09-27 10:03:07 CEST,100474
2019-09-27 10:04:01 CEST,100475
2019-09-27 10:04:55 CEST,100469
2019-09-27 10:05:49 CEST,100479
2019-09-27 10:06:43 CEST,100471
2019-09-27 10:07:37 CEST,100475
2019-09-27 10:08:31 CEST,100480
2019-09-27 10:09:25 CEST,100475
2019-09-27 10:10:19 CEST,100474
2019-09-27 10:11:13 CEST,100463
2019-09-27 10:12:07 CEST,100475
2019-09-27 10:13:01 CEST,100475
2019-09-27 10:13:55 CEST,100470
2019-09-27 10:40:52 CEST,100456
2019-09-27 10:41:50 CEST,100460
2019-09-27 10:42:44 CEST,100460
2019-09-27 10:43:38 CEST,100468
2019-09-27 11:16:42 CEST,100459
2019-09-27 11:17:39 CEST,100451
2019-09-27 11:18:36 CEST,100460
2019-09-27 11:22:45 CEST,100445
2019-09-27 11:24:47 CEST,100448
2019-09-27 11:26:20 CEST,100451
2019-09-27 11:27:29 CEST,100454
2019-09-27 11:29:25 CEST,100456
2019-09-27 11:34:53 CEST,100456
2019-09-27 11:36:57 CEST,100448
2019-09-27 11:40:29 CEST,100445
2019-09-27 11:52:18 CEST,100454
2019-09-27 11:54:08 CEST,100442
2019-09-27 11:55:47 CEST,100444
2019-09-27 12:00:52 CEST,100441
2019-09-27 12:08:55 CEST,100437
2019-09-27 12:11:16 CEST,100437
2019-09-27 12:13:20 CEST,100437
2019-09-27 12:16:52 CEST,100435
2019-09-27 12:20:44 CEST,100417
2019-09-27 12:30:01 CEST,100417
2019-09-27 12:32:27 CEST,100408
2019-09-27 12:33:47 CEST,100402
2019-09-27 12:37:16 CEST,100408
2019-09-27 13:49:11 CEST,100356
2019-09-27 13:53:25 CEST,100353
2019-09-27 18:01:52 CEST,100353
2019-09-27 19:49:15 CEST,100461
2019-09-28 16:37:13 CEST,100487
2019-09-28 16:38:10 CEST,100485
2019-09-28 16:39:07 CEST,100489
2019-09-28 16:40:04 CEST,100484
2019-09-28 16:41:01 CEST,100484
2019-09-28 16:41:58 CEST,100490
2019-09-28 16:42:55 CEST,100490
2019-09-28 16:43:52 CEST,100490
2019-09-28 16:44:49 CEST,100492
2019-09-28 16:45:46 CEST,100493
2019-09-28 16:46:44 CEST,100492
2019-09-28 16:47:41 CEST,100490
2019-09-28 16:48:38 CEST,100495
2019-09-28 16:49:35 CEST,100504
2019-09-28 16:50:32 CEST,100493
2019-09-28 16:51:29 CEST,100495
2019-09-28 16:52:26 CEST,100492
2019-09-28 16:53:23 CEST,100510
2019-09-28 16:54:20 CEST,100498
2019-09-28 16:55:17 CEST,100507
2019-09-28 16:56:14 CEST,100501
2019-09-28 16:57:11 CEST,100507
2019-09-28 16:58:07 CEST,100507
2019-09-28 16:59:04 CEST,100505
2019-09-28 17:00:01 CEST,100499
2019-09-28 17:00:58 CEST,100505
2019-09-28 17:01:55 CEST,100511
2019-09-28 17:02:52 CEST,100505
2019-09-28 17:03:49 CEST,100513
2019-09-28 17:04:46 CEST,100511
2019-09-28 17:05:43 CEST,100495
2019-09-28 17:06:40 CEST,100501
2019-09-28 17:07:37 CEST,100489
2019-09-28 17:08:34 CEST,100498
2019-09-28 17:09:31 CEST,100499
2019-09-28 17:10:28 CEST,100498
2019-09-28 17:11:25 CEST,100490
2019-09-28 17:12:22 CEST,100498
2019-09-28 17:13:19 CEST,100495
2019-09-28 17:14:16 CEST,100502
2019-09-28 17:15:13 CEST,100496
2019-09-28 17:16:10 CEST,100504
2019-09-28 17:17:07 CEST,100507
2019-09-28 17:18:04 CEST,100502
2019-09-28 17:19:01 CEST,100504
2019-09-28 17:19:58 CEST,100516
2019-09-28 17:20:55 CEST,100508
2019-09-28 17:21:52 CEST,100511
2019-09-28 17:22:49 CEST,100505
2019-09-28 17:23:46 CEST,100511
2019-09-28 17:24:43 CEST,100511
2019-09-28 17:25:40 CEST,100507
2019-09-28 17:26:37 CEST,100519
2019-09-28 17:27:34 CEST,100507
2019-09-28 17:28:31 CEST,100511
2019-09-28 17:29:28 CEST,100511
2019-09-28 17:30:25 CEST,100508
2019-09-28 17:31:22 CEST,100510
2019-09-28 17:32:19 CEST,100510
2019-09-28 17:33:16 CEST,100511
2019-09-28 17:34:13 CEST,100510
2019-09-28 17:35:10 CEST,100502
2019-09-28 17:36:07 CEST,100510
2019-09-28 17:37:04 CEST,100507
2019-09-28 17:38:01 CEST,100517
2019-09-28 17:38:58 CEST,100507
2019-09-28 17:39:55 CEST,100507
2019-09-28 17:40:52 CEST,100507
2019-09-28 17:41:49 CEST,100502
2019-09-28 17:42:46 CEST,100505
2019-09-28 17:43:43 CEST,100507
2019-09-28 17:44:40 CEST,100511
2019-09-28 17:45:37 CEST,100507
2019-09-28 17:46:34 CEST,100499
2019-09-28 17:47:31 CEST,100508
2019-09-28 17:48:28 CEST,100507
2019-09-28 17:49:25 CEST,100502
2019-09-28 17:50:22 CEST,100504
2019-09-28 17:51:19 CEST,100510
2019-09-28 17:52:16 CEST,100505
2019-09-28 17:53:13 CEST,100511
2019-09-28 17:54:10 CEST,100513
2019-09-28 17:55:07 CEST,100514
2019-09-28 17:56:04 CEST,100510
2019-09-28 17:57:01 CEST,100514
2019-09-28 17:57:57 CEST,100513
2019-09-28 17:58:54 CEST,100517
2019-09-28 17:59:51 CEST,100513
2019-09-28 18:00:48 CEST,100505
2019-09-28 18:01:45 CEST,100507
2019-09-28 18:02:42 CEST,100515
2019-09-28 18:03:39 CEST,100513
2019-09-28 18:04:36 CEST,100502
2019-09-28 18:05:33 CEST,100508
2019-09-28 18:06:30 CEST,100510
2019-09-28 18:07:27 CEST,100507
2019-09-28 18:08:24 CEST,100507
2019-09-28 18:09:21 CEST,100510
2019-09-28 18:10:18 CEST,100507
2019-09-28 18:11:15 CEST,100505
2019-09-28 18:18:11 CEST,100513
2019-09-28 18:19:08 CEST,100507
2019-09-28 18:20:05 CEST,100511
2019-09-28 18:21:02 CEST,100505
2019-09-28 18:21:59 CEST,100508
2019-09-28 18:22:56 CEST,100511
2019-09-28 18:23:53 CEST,100508
2019-09-28 18:24:50 CEST,100505
2019-09-28 18:25:47 CEST,100517
2019-09-28 18:26:44 CEST,100511
2019-09-28 18:27:41 CEST,100505
2019-09-28 18:28:38 CEST,100502
2019-09-28 18:29:35 CEST,100505
2019-09-28 18:30:32 CEST,100502
2019-09-28 18:31:29 CEST,100505
2019-09-28 18:32:23 CEST,100508
2019-09-28 18:33:20 CEST,100510
2019-09-28 18:34:17 CEST,100504
2019-09-28 18:35:14 CEST,100508
2019-09-28 18:36:11 CEST,100505
2019-09-28 18:37:08 CEST,100511
2019-09-28 18:38:02 CEST,100502
2019-09-28 18:38:59 CEST,100507
2019-09-28 18:39:53 CEST,100517
2019-09-28 18:40:50 CEST,100514
2019-09-28 18:41:47 CEST,100514
2019-09-28 18:42:44 CEST,100510
2019-09-28 18:43:41 CEST,100504
2019-09-28 18:44:38 CEST,100499
2019-09-28 18:45:35 CEST,100498
2019-09-28 18:46:32 CEST,100510
2019-09-28 18:47:29 CEST,100510
2019-09-28 18:48:26 CEST,100511
2019-09-28 18:49:23 CEST,100502
2019-09-28 18:50:20 CEST,100505
2019-09-28 18:51:17 CEST,100510
2019-09-28 18:52:14 CEST,100508
2019-09-28 18:53:11 CEST,100508
2019-09-28 18:54:08 CEST,100505
2019-09-28 18:55:05 CEST,100510
2019-09-28 18:56:02 CEST,100510
2019-09-28 18:56:59 CEST,100504
2019-09-28 18:57:53 CEST,100513
2019-09-28 18:58:47 CEST,100510
2019-09-28 18:59:44 CEST,100514
2019-09-28 19:00:41 CEST,100507
2019-09-28 19:01:38 CEST,100510
2019-09-28 19:02:35 CEST,100508
2019-09-28 19:03:32 CEST,100505
2019-09-28 19:04:29 CEST,100501
2019-09-28 19:05:26 CEST,100505
2019-09-28 19:06:23 CEST,100508
2019-09-28 19:07:20 CEST,100516
2019-09-28 19:08:17 CEST,100508
2019-09-28 19:09:14 CEST,100508
2019-09-28 19:10:12 CEST,100509
2019-09-28 19:11:09 CEST,100513
2019-09-28 19:12:06 CEST,100507
2019-09-28 19:13:03 CEST,100514
2019-09-28 19:14:00 CEST,100509
2019-09-28 19:14:57 CEST,100514
2019-09-28 19:15:54 CEST,100522
2019-09-28 19:16:51 CEST,100516
2019-09-28 19:17:48 CEST,100516
2019-09-28 19:19:28 CEST,100516
2019-09-28 19:20:25 CEST,100520
2019-09-28 19:21:22 CEST,100528
2019-09-28 19:22:19 CEST,100519
2019-09-28 19:23:16 CEST,100520
2019-09-28 19:24:13 CEST,100522
2019-09-28 19:25:10 CEST,100516
2019-09-28 19:26:08 CEST,100519
2019-09-28 19:27:05 CEST,100519
2019-09-28 19:28:02 CEST,100513
2019-09-28 19:28:59 CEST,100517
2019-09-28 19:29:56 CEST,100522
2019-09-28 19:30:53 CEST,100525
2019-09-28 19:31:50 CEST,100523
2019-09-28 19:32:47 CEST,100520
2019-09-28 19:33:44 CEST,100517
2019-09-28 19:34:41 CEST,100529
2019-09-28 19:35:38 CEST,100531
2019-09-28 19:36:35 CEST,100522
2019-09-28 19:37:32 CEST,100537
2019-09-28 19:38:29 CEST,100528
2019-09-28 19:39:26 CEST,100526
2019-09-28 19:40:23 CEST,100526
2019-09-28 19:41:20 CEST,100528
2019-09-28 19:42:17 CEST,100517
2019-09-28 19:43:14 CEST,100536
2019-09-28 19:44:11 CEST,100522
2019-09-28 19:45:08 CEST,100532
2019-09-28 19:46:05 CEST,100526
2019-09-28 19:47:02 CEST,100535
2019-09-28 19:47:59 CEST,100531
2019-09-28 19:48:56 CEST,100529
2019-09-28 19:49:53 CEST,100529
2019-09-28 19:50:50 CEST,100533
2019-09-28 19:51:47 CEST,100533
2019-09-28 19:52:44 CEST,100529
2019-09-28 19:53:41 CEST,100532
2019-09-28 19:54:38 CEST,100527
2019-09-28 19:55:35 CEST,100527
2019-09-28 19:56:32 CEST,100529
2019-09-28 20:00:19 CEST,100532
2019-09-28 20:01:16 CEST,100524
2019-09-28 20:02:13 CEST,100524
2019-09-28 20:03:39 CEST,100530
2019-09-28 20:04:36 CEST,100532
2019-09-28 20:05:33 CEST,100531
