created_at,pm2_5,pm10,temp,trysnia,lageshtira,alarm_status
2019-09-24T22:36:25+02:00,6.4,18,23.2,99833,91.87,0
2019-09-24T22:37:19+02:00,6.5,19,23.2,99835,91.87,0
2019-09-24T22:38:13+02:00,6.5,19,23.2,99831,91.78,0
2019-09-24T22:39:07+02:00,6.4,19.4,25.4,99837,91.78,0
2019-09-24T22:40:01+02:00,6.4,19.7,24,99832,91.78,0
2019-09-24T22:40:55+02:00,6.4,19.6,23.6,99836,91.64,0
2019-09-24T22:41:49+02:00,6.4,19.5,23.5,99838,91.64,0
2019-09-24T22:42:43+02:00,6.5,19.9,23.5,99844,91.64,0
2019-09-24T22:43:37+02:00,6.5,20,23.5,99842,91.64,0
2019-09-24T22:44:31+02:00,6.5,19.5,23.4,99833,91.64,0
2019-09-24T22:45:25+02:00,6.4,19.3,23.3,99838,91.55,0
2019-09-24T22:46:19+02:00,6.3,18.6,23.3,99824,91.55,0
2019-09-24T22:47:22+02:00,5.3,16,23.3,99835,91.55,0
2019-09-24T22:48:16+02:00,5.3,16,23.3,99841,91.55,0
2019-09-24T22:49:10+02:00,5.3,15.8,23.3,99842,91.55,0
2019-09-24T22:50:04+02:00,5.3,15.1,23.4,99848,91.5,0
2019-09-24T22:50:58+02:00,5.4,16,23.5,99842,91.5,0
2019-09-24T22:51:52+02:00,5.3,15.7,23.5,99851,91.5,0
2019-09-24T22:52:46+02:00,5.4,16.3,23.4,99845,91.5,0
2019-09-24T22:53:40+02:00,5.4,16.2,23.5,99860,91.45,0
2019-09-24T22:54:34+02:00,5.4,16.3,23.4,99859,91.45,0
2019-09-24T22:55:28+02:00,5.5,16.3,23.4,99854,91.45,0
2019-09-24T22:56:22+02:00,5.5,16.1,23.4,99866,91.38,0
2019-09-24T22:57:16+02:00,5.5,15.6,23.3,99859,91.38,0
2019-09-24T22:58:10+02:00,5.5,16.8,23.3,99847,91.38,0
2019-09-24T22:59:04+02:00,5.6,16,23.4,99857,91.38,0
2019-09-24T22:59:58+02:00,5.6,15.9,23.4,99850,91.38,0
2019-09-24T23:00:52+02:00,5.7,15.5,23.3,99848,91.32,0
2019-09-24T23:01:45+02:00,5.7,16.1,23.3,99865,91.32,0
2019-09-24T23:02:39+02:00,5.7,17.2,23.2,99854,91.32,0
2019-09-24T23:03:33+02:00,5.7,18,23.1,99850,91.32,0
2019-09-24T23:04:27+02:00,5.8,18.8,23,99856,91.32,0
2019-09-24T23:05:21+02:00,5.8,19.2,23.1,99850,91.26,0
2019-09-24T23:06:15+02:00,5.8,19.2,23,99857,91.26,0
2019-09-24T23:07:09+02:00,5.9,18.8,23,99859,91.26,0
2019-09-24T23:08:03+02:00,5.9,19.2,23.1,99863,91.26,0
2019-09-24T23:09:00+02:00,6.1,20.1,23.2,99853,91.26,1
2019-09-24T23:09:57+02:00,6,20.4,23.3,99859,91.21,1
2019-09-24T23:10:54+02:00,6,20.3,26.7,99864,91.21,1
2019-09-24T23:11:51+02:00,6.1,20.1,23.7,99869,91.21,1
2019-09-24T23:12:45+02:00,6.1,19.5,23.6,99869,91.21,0
2019-09-24T23:13:39+02:00,6.1,19.7,23.5,99863,91.2,0
2019-09-24T23:14:33+02:00,6,19.7,23.6,99865,91.2,0
2019-09-24T23:15:27+02:00,6,19.2,23.5,99866,91.2,0
2019-09-24T23:16:21+02:00,6.1,19.4,23.4,99877,91.18,0
2019-09-24T23:17:15+02:00,6,19.9,23.2,99854,91.18,0
2019-09-24T23:18:09+02:00,5.9,18.9,23.2,99866,91.18,0
2019-09-24T23:19:03+02:00,5.9,19,23.3,99862,91.18,0
2019-09-24T23:19:57+02:00,5.9,19.4,23.2,99868,91.12,0
2019-09-24T23:20:54+02:00,6,20.5,23.2,99862,91.12,1
2019-09-24T23:21:52+02:00,6,20.6,23.1,99860,91.12,1
2019-09-24T23:22:49+02:00,5.9,20.9,23.1,99862,91.12,1
2019-09-24T23:23:46+02:00,6,21,23.1,99868,91.12,1
2019-09-24T23:24:43+02:00,6.1,21.1,23.1,99863,91.05,1
2019-09-24T23:25:40+02:00,6,20.1,23.2,99871,91.05,1
2019-09-24T23:26:34+02:00,5.9,19.7,23.2,99883,91.05,0
2019-09-24T23:27:27+02:00,5.9,19.7,23.2,99880,91.05,0
2019-09-24T23:28:24+02:00,5.9,22.2,23.2,99875,90.94,1
2019-09-24T23:29:21+02:00,5.9,21.8,23.2,99887,90.94,1
2019-09-24T23:30:18+02:00,5.9,20.6,23.2,99880,90.94,1
2019-09-24T23:31:15+02:00,6,20.7,23.1,99881,90.94,1
2019-09-24T23:32:12+02:00,5.9,20.1,23.1,99904,90.88,1
2019-09-24T23:33:06+02:00,6,19.7,23.1,99880,90.88,0
2019-09-24T23:34:03+02:00,5.9,20.3,23.1,99886,90.88,1
2019-09-24T23:34:57+02:00,5.9,20,23,99877,90.88,0
2019-09-24T23:35:51+02:00,5.9,19.8,23,99883,90.88,0
2019-09-24T23:36:45+02:00,5.8,18.8,23,99884,90.81,0
2019-09-24T23:37:39+02:00,5.8,18.6,22.9,99881,90.81,0
2019-09-24T23:38:33+02:00,5.9,19.9,23,99880,90.81,0
2019-09-24T23:39:27+02:00,5.9,19.9,22.9,99883,90.76,0
2019-09-24T23:40:20+02:00,6,20,22.9,99881,90.76,0
2019-09-24T23:41:14+02:00,6,19.9,22.9,99881,90.76,0
2019-09-24T23:42:11+02:00,6,20.1,22.9,99872,90.71,1
2019-09-24T23:43:08+02:00,6,20.1,23.1,99878,90.71,1
2019-09-24T23:44:05+02:00,6,20.6,23.1,99880,90.71,1
2019-09-24T23:45:02+02:00,6.1,20.5,23.1,99881,90.71,1
2019-09-24T23:45:59+02:00,6.1,20.7,23.2,99869,90.68,1
2019-09-24T23:46:56+02:00,6,20.7,23.1,99875,90.68,1
2019-09-24T23:47:50+02:00,6.1,19.6,23.1,99886,90.68,0
2019-09-24T23:48:44+02:00,6,18.6,23.2,99878,90.68,0
2019-09-24T23:49:38+02:00,6,18.5,23.2,99878,90.68,0
2019-09-24T23:50:32+02:00,6.1,18.7,23.2,99874,90.62,0
2019-09-24T23:51:26+02:00,6.1,18.8,23.2,99872,90.62,0
2019-09-24T23:52:20+02:00,6,18.8,23.2,99877,90.62,0
2019-09-24T23:53:13+02:00,6.1,18.7,23.1,99862,90.62,0
2019-09-24T23:54:07+02:00,6.1,18.9,23,99872,90.62,0
2019-09-24T23:55:01+02:00,6.1,18.9,23,99874,90.59,0
2019-09-24T23:55:55+02:00,6,16.3,23,99869,90.59,0
2019-09-24T23:56:49+02:00,6.1,16.2,22.9,99874,90.59,0
2019-09-24T23:57:43+02:00,6.1,17.1,23,99868,90.59,0
2019-09-24T23:58:37+02:00,6,17.3,23,99868,90.51,0
2019-09-24T23:59:31+02:00,6,17.2,23,99868,90.51,0
2019-09-25T00:00:25+02:00,6,17.4,23,99863,90.51,0
2019-09-25T00:01:19+02:00,6,16.4,23,99866,90.51,0
2019-09-25T00:02:14+02:00,6.1,16.7,23,99868,90.47,0
2019-09-25T00:03:07+02:00,6.1,17.1,23,99865,90.47,0
2019-09-25T00:04:01+02:00,6.1,16.8,23,99854,90.47,0
2019-09-25T00:04:55+02:00,6.2,16.7,23.1,99859,90.47,0
2019-09-25T00:05:49+02:00,6.1,15.1,23.1,99850,90.4,0
2019-09-25T00:06:43+02:00,6.1,16.5,23.1,99850,90.4,0
2019-09-25T00:07:37+02:00,6,15.8,23.1,99857,91.87,0
2019-09-25T00:08:31+02:00,6,16.1,23.1,99859,91.87,0
2019-09-25T00:09:25+02:00,6,15.7,23,99865,91.87,0
2019-09-25T00:10:19+02:00,6.1,16.4,23,99856,91.78,0
2019-09-25T00:11:13+02:00,6,15.5,23.1,99857,91.78,0
2019-09-25T00:12:07+02:00,6.1,15.2,23.3,99850,91.78,0
2019-09-25T00:13:00+02:00,6.1,15,23.3,99854,91.64,0
2019-09-25T00:13:54+02:00,6,15.1,23.3,99856,91.64,0
2019-09-25T00:14:48+02:00,6,14.8,23.2,99845,91.64,0
2019-09-25T00:15:42+02:00,6,14.7,23.1,99848,91.64,0
2019-09-25T00:16:37+02:00,6,14.6,23.1,99859,91.64,0
2019-09-25T00:17:31+02:00,5.9,15.5,23.1,99863,91.55,0
2019-09-25T00:18:25+02:00,5.8,15.4,23.1,99857,91.55,0
2019-09-25T00:19:19+02:00,5.8,16.3,23.2,99856,91.55,0
2019-09-25T00:20:13+02:00,5.8,16.3,23.1,99860,91.55,0
2019-09-25T00:21:07+02:00,5.8,16.4,23.1,99856,91.55,0
2019-09-25T00:22:02+02:00,5.8,16.6,23.1,99854,91.5,0
2019-09-25T00:22:56+02:00,5.9,16.6,23.1,99847,91.5,0
2019-09-25T00:23:50+02:00,5.8,16.7,23.1,99856,91.5,0
2019-09-25T00:24:44+02:00,5.8,16,23.1,99854,91.5,0
2019-09-25T00:25:38+02:00,5.8,14.7,23.1,99859,91.45,0
2019-09-25T00:26:31+02:00,5.9,15.4,23.1,99865,91.45,0
2019-09-25T00:27:26+02:00,5.9,16.3,23.1,99866,91.45,0
2019-09-25T00:28:20+02:00,5.9,16.5,23,99869,91.38,0
2019-09-25T00:29:14+02:00,5.9,16.5,23,99877,91.38,0
2019-09-25T00:30:08+02:00,5.9,16.8,23,99868,91.38,0
2019-09-25T00:31:02+02:00,5.9,16.9,23.1,99866,91.38,0
2019-09-25T00:31:56+02:00,5.8,17.5,23.1,99869,91.38,0
2019-09-25T00:32:50+02:00,5.8,18.6,23.1,99868,91.32,0
2019-09-25T00:33:44+02:00,5.8,17,23.2,99860,91.32,0
2019-09-25T00:34:38+02:00,5.8,18.1,23.2,99874,91.32,0
2019-09-25T00:35:32+02:00,5.7,17.4,23.1,99872,91.32,0
2019-09-25T00:36:26+02:00,5.8,18.5,23.1,99875,91.32,0
2019-09-25T00:37:20+02:00,5.8,18.3,23.1,99877,91.26,0
2019-09-25T00:38:14+02:00,5.8,18.2,23.1,99883,91.26,0
2019-09-25T00:39:08+02:00,5.7,18.3,23.1,99868,91.26,0
2019-09-25T00:40:02+02:00,5.7,19,23.1,99883,91.26,0
2019-09-25T00:40:56+02:00,5.7,18.9,23.1,99874,91.26,0
2019-09-25T00:41:50+02:00,5.8,19,23.1,99878,91.21,0
2019-09-25T00:42:44+02:00,5.8,19.5,23,99883,91.21,0
2019-09-25T00:43:38+02:00,5.8,19.3,23.1,99880,91.21,0
2019-09-25T00:44:31+02:00,5.9,18.1,23.2,99878,91.21,0
2019-09-25T00:45:25+02:00,5.9,18.7,23.3,99878,91.2,0
2019-09-25T00:46:19+02:00,5.9,18,23.4,99880,91.2,0
2019-09-25T00:47:13+02:00,5.9,19.1,23.3,99889,91.2,0
2019-09-25T00:48:10+02:00,5.9,20.4,23.3,99896,91.18,1
2019-09-25T00:49:07+02:00,6.1,23.2,23.2,99892,91.18,1
2019-09-25T00:50:04+02:00,6.1,24,23.2,99890,91.18,1
2019-09-25T00:51:01+02:00,6.1,23.9,23.1,99914,91.18,1
2019-09-25T00:51:58+02:00,6.1,23.7,23.1,99889,91.12,1
2019-09-25T00:52:55+02:00,6.2,24.4,23.1,99883,91.12,1
2019-09-25T00:53:52+02:00,6.2,23.9,23.1,99881,91.12,1
2019-09-25T00:54:48+02:00,6.2,23.5,23,99875,91.12,1
2019-09-25T00:55:45+02:00,6.2,24.8,23,99884,91.12,1
2019-09-25T00:56:42+02:00,6.1,25.7,22.9,99892,91.05,1
2019-09-25T00:57:39+02:00,6.2,25.4,22.9,99893,91.05,1
2019-09-25T00:58:36+02:00,6.3,26.7,22.8,99880,91.05,1
2019-09-25T00:59:33+02:00,6.4,26,22.7,99892,91.05,1
2019-09-25T01:00:30+02:00,6.4,26,22.8,99884,90.94,1
2019-09-25T01:01:27+02:00,6.5,27.3,22.9,99887,90.94,1
2019-09-25T01:02:24+02:00,6.6,26.8,22.9,99895,90.94,1
2019-09-25T01:03:21+02:00,6.7,26.9,22.8,99889,90.94,1
2019-09-25T01:04:18+02:00,6.6,26.1,22.9,99896,90.88,1
2019-09-25T01:05:15+02:00,6.6,25.9,22.8,99887,90.88,1
2019-09-25T01:06:12+02:00,6.7,26.2,22.8,99887,90.88,1
2019-09-25T01:07:09+02:00,6.8,26.8,22.9,99899,90.88,1
2019-09-25T01:08:06+02:00,6.8,26.2,22.9,99884,90.88,1
2019-09-25T01:09:03+02:00,6.8,27.5,22.9,99893,90.81,1
2019-09-25T01:10:00+02:00,6.8,27.7,22.9,99895,90.81,1
2019-09-25T01:10:57+02:00,6.8,27.4,23,99893,90.81,1
2019-09-25T01:11:54+02:00,6.8,27.6,23,99886,90.76,1
2019-09-25T01:12:50+02:00,6.8,27.5,23,99883,90.76,1
2019-09-25T01:13:47+02:00,6.8,27.4,22.9,99877,90.76,1
2019-09-25T01:14:44+02:00,6.9,27.1,22.9,99890,90.71,1
2019-09-25T01:15:41+02:00,6.8,26.1,22.7,99884,90.71,1
2019-09-25T01:16:38+02:00,6.8,24.6,22.6,99893,90.71,1
2019-09-25T01:17:36+02:00,6.7,21.8,22.5,99889,90.71,1
2019-09-25T01:18:33+02:00,6.6,21.6,22.5,99877,90.68,1
2019-09-25T01:19:29+02:00,6.6,21.5,22.4,99876,90.68,1
2019-09-25T01:20:26+02:00,6.6,21.5,22.5,99887,90.68,1
2019-09-25T01:21:23+02:00,6.6,21.1,22,99880,90.68,1
2019-09-25T01:22:20+02:00,6.6,21.7,22.4,99877,90.68,1
2019-09-25T01:23:17+02:00,6.6,21.1,22.4,99887,90.62,1
2019-09-25T01:24:14+02:00,6.5,20.2,22.4,99886,90.62,1
2019-09-25T01:25:08+02:00,6.6,19.4,22.5,99876,90.62,0
2019-09-25T01:26:02+02:00,6.5,19.1,22.5,99895,90.62,0
2019-09-25T01:26:56+02:00,6.4,18.3,22.5,99890,90.62,0
2019-09-25T01:27:50+02:00,6.4,18.3,22.6,99890,90.59,0
2019-09-25T01:28:44+02:00,6.4,17.8,22.6,99899,90.59,0
2019-09-25T01:29:38+02:00,6.3,17.4,22.6,99901,90.59,0
2019-09-25T01:30:32+02:00,6.2,17.1,22.6,99898,90.59,0
2019-09-25T01:31:26+02:00,6.2,17,22.6,99904,90.51,0
2019-09-25T01:32:20+02:00,6.1,17.1,22.6,99901,90.51,0
2019-09-25T01:33:14+02:00,6.1,17,22.7,99902,90.51,0
2019-09-25T01:34:08+02:00,6,16.7,22.7,99905,90.51,0
2019-09-25T01:35:02+02:00,6,15.9,22.7,99907,90.47,0
2019-09-25T01:35:56+02:00,6,16.4,22.7,99901,90.47,0
2019-09-25T01:36:50+02:00,6,16.2,22.6,99913,90.47,0
2019-09-25T01:37:45+02:00,6,16.1,22.6,99899,90.47,0
2019-09-25T01:38:39+02:00,6,16.4,22.6,99913,90.4,0
2019-09-25T01:39:33+02:00,6,16.2,22.5,99893,90.4,0
2019-09-25T01:40:27+02:00,6,16.1,22.5,99904,90.4,0
2019-09-25T01:41:21+02:00,6,15.6,22.5,99895,90.4,0
2019-09-25T01:42:14+02:00,6,15.6,22.5,99901,90.33,0
2019-09-25T01:43:08+02:00,6,16.3,22.5,99889,90.33,0
2019-09-25T01:44:02+02:00,6,16.3,22.4,99881,90.33,0
2019-09-25T01:44:56+02:00,6.1,17.7,22.5,99881,90.33,0
2019-09-25T01:45:50+02:00,6,17.2,22.5,99886,90.26,0
2019-09-25T01:46:44+02:00,6.1,17.9,22.5,99867,90.26,0
2019-09-25T01:47:38+02:00,6.1,18.5,22.5,99880,90.26,0
2019-09-25T01:48:32+02:00,6.1,18.4,22.4,99870,90.26,0
2019-09-25T01:49:26+02:00,6.1,17.7,22.5,99871,90.26,0
2019-09-25T01:50:20+02:00,6.1,17.7,22.4,99870,90.19,0
2019-09-25T01:51:14+02:00,6.1,17.2,22.4,99871,90.19,0
2019-09-25T01:52:08+02:00,6.2,17.1,22.3,99867,90.19,0
2019-09-25T01:53:02+02:00,6.2,17.8,22.3,99870,90.19,0
2019-09-25T01:53:56+02:00,6.3,17.6,22.3,99877,90.19,0
2019-09-25T01:54:49+02:00,6.2,18.4,22.3,99873,90.11,0
2019-09-25T01:55:43+02:00,6.2,18.7,22.3,99871,90.11,0
2019-09-25T01:56:37+02:00,6.2,18.9,22.2,99883,90.11,0
2019-09-25T01:57:31+02:00,6.2,19,22.2,99880,90.11,0
2019-09-25T01:58:25+02:00,6.2,19.5,22.2,99877,90.11,0
2019-09-25T01:59:19+02:00,6.2,20,22.2,99874,90.03,0
2019-09-25T02:00:16+02:00,6.3,20.5,22.3,99879,90.03,1
2019-09-25T02:01:13+02:00,6.3,20.7,22.5,99878,90.03,1
2019-09-25T02:02:10+02:00,6.2,20.9,22.4,99886,90.03,1
2019-09-25T02:03:07+02:00,6.1,20.5,22.3,99868,90.03,1
2019-09-25T02:04:01+02:00,6,19.6,22.3,99880,89.92,0
2019-09-25T02:04:55+02:00,6.1,19.7,22.3,99885,89.92,0
2019-09-25T02:05:48+02:00,6.1,19.8,22.3,99886,89.92,0
2019-09-25T02:06:42+02:00,6.1,20,22.3,99896,89.92,0
2019-09-25T02:07:36+02:00,6.1,19.9,22.3,99889,89.85,0
2019-09-25T02:08:33+02:00,6.1,21.1,22.2,99895,89.85,1
2019-09-25T02:09:30+02:00,6.1,21.6,22.2,99899,89.85,1
2019-09-25T02:10:27+02:00,6.1,21.5,22.3,99895,89.85,1
2019-09-25T02:11:24+02:00,6,22.7,22.3,99899,89.85,1
2019-09-25T02:12:21+02:00,6,21.5,22.3,99901,89.78,1
2019-09-25T02:13:18+02:00,6.1,22,22.3,99919,89.78,1
2019-09-25T02:14:15+02:00,6.1,21.6,22.2,99893,89.78,1
2019-09-25T02:15:12+02:00,6.2,21.2,22.2,99898,89.78,1
2019-09-25T02:16:09+02:00,6.3,21.2,22.2,99904,89.78,1
2019-09-25T02:17:06+02:00,6.2,21.2,22.1,99890,89.69,1
2019-09-25T02:18:03+02:00,6.2,21.1,22.1,99892,89.69,1
2019-09-25T02:18:59+02:00,6.3,21.3,22.1,99898,89.69,1
2019-09-25T02:19:56+02:00,6.2,20.9,22.2,99885,89.69,1
2019-09-25T02:20:53+02:00,6.1,20.3,22.1,99899,89.69,1
2019-09-25T02:21:50+02:00,6,20.2,22.1,99904,89.6,1
2019-09-25T02:22:47+02:00,6.1,21.2,22.1,99898,89.6,1
2019-09-25T02:23:44+02:00,6.1,20.1,22.1,99904,89.6,1
2019-09-25T02:24:38+02:00,6,19.7,22.2,99902,89.6,0
2019-09-25T02:25:32+02:00,6,19.1,22.1,99907,89.51,0
2019-09-25T02:26:26+02:00,6,18.6,22.1,99902,89.51,0
2019-09-25T02:27:20+02:00,6.1,18.7,22.1,99895,89.51,0
2019-09-25T02:28:14+02:00,6.1,18.3,22,99904,89.51,0
2019-09-25T02:29:08+02:00,6.1,19.3,22,99904,89.52,0
2019-09-25T02:30:01+02:00,6.2,19,22,99907,89.44,0
2019-09-25T02:30:55+02:00,6.2,18.9,22,99901,89.44,0
2019-09-25T02:31:49+02:00,6.2,18.7,22,99904,89.44,0
2019-09-25T02:32:43+02:00,6.3,18.9,22.1,99893,89.44,0
2019-09-25T02:33:37+02:00,6.3,18.9,22,99893,89.36,0
2019-09-25T02:34:31+02:00,6.3,19.8,22.1,99898,89.36,0
2019-09-25T02:35:25+02:00,6.3,19.8,22.1,99892,89.36,0
2019-09-25T02:36:19+02:00,6.3,19.1,22,99896,89.36,0
2019-09-25T02:37:13+02:00,6.4,19.1,22.1,99898,89.28,0
2019-09-25T02:38:07+02:00,6.3,18.6,22,99904,89.28,0
2019-09-25T02:39:01+02:00,6.5,17.7,22.1,99901,89.28,0
2019-09-25T02:39:55+02:00,6.5,18.3,22.1,99904,89.28,0
2019-09-25T02:40:48+02:00,6.5,18.3,22.1,99901,89.28,0
2019-09-25T02:41:42+02:00,6.4,18.1,22.2,99901,89.28,0
2019-09-25T02:42:36+02:00,6.3,17.8,22.2,99904,89.19,0
2019-09-25T02:43:30+02:00,6.3,18.6,22.2,99899,89.19,0
2019-09-25T02:44:24+02:00,6.3,18.5,22.2,99899,89.19,0
2019-09-25T02:45:18+02:00,6.3,19.3,22.3,99907,89.19,0
2019-09-25T02:46:12+02:00,6.2,19.2,22.3,99908,89.19,0
2019-09-25T02:47:06+02:00,6.2,19.7,22.3,99899,89.1,0
2019-09-25T02:48:00+02:00,6.2,19.7,22.3,99908,89.1,0
2019-09-25T02:48:57+02:00,6.2,20.1,22.2,99904,89.1,1
2019-09-25T02:49:51+02:00,6.3,18.4,22.2,99907,89.1,0
2019-09-25T02:50:45+02:00,6.3,18.5,22.3,99907,89.1,0
2019-09-25T02:51:39+02:00,6.3,18,22.3,99917,89.03,0
2019-09-25T02:52:33+02:00,6.4,18.3,22.3,99911,89.03,0
2019-09-25T02:53:26+02:00,6.4,18.3,22.3,99914,89.03,0
2019-09-25T02:54:20+02:00,6.4,17.6,22.3,99917,89.03,0
2019-09-25T02:55:14+02:00,6.3,17.5,22.3,99911,89.03,0
2019-09-25T02:56:08+02:00,6.3,16.3,22.4,99913,89.03,0
2019-09-25T02:57:02+02:00,6.3,16,22.4,99916,89.03,0
2019-09-25T02:57:56+02:00,6.3,16.2,22.4,99917,88.98,0
2019-09-25T02:58:50+02:00,6.3,16.5,22.4,99908,88.98,0
2019-09-25T02:59:44+02:00,6.3,16.2,22.4,99917,88.98,0
2019-09-25T03:00:38+02:00,6.3,16.4,22.4,99917,88.98,0
2019-09-25T03:01:32+02:00,6.2,15.5,22.4,99919,88.98,0
2019-09-25T03:02:25+02:00,6.2,15.6,22.4,99923,88.98,0
2019-09-25T03:03:19+02:00,6.2,15.1,22.4,99919,88.93,0
2019-09-25T03:04:13+02:00,6.2,14.8,22.4,99914,88.93,0
2019-09-25T03:05:11+02:00,6.3,14.9,22.4,99925,88.93,0
2019-09-25T03:06:05+02:00,6.2,14.5,22.4,99920,88.93,0
2019-09-25T03:06:58+02:00,6.2,14.1,22.4,99929,88.93,0
2019-09-25T03:07:52+02:00,6.2,13.6,22.4,99943,88.93,0
2019-09-25T03:08:46+02:00,6.2,13.8,22.4,99926,88.88,0
2019-09-25T03:09:41+02:00,6.2,13.7,22.4,99920,88.88,0
2019-09-26T21:37:05+02:00,14.7,28.3,24.3,100178,88.88,1
2019-09-26T21:38:02+02:00,14.8,28.4,24.3,100179,88.88,1
2019-09-26T21:38:59+02:00,14.8,28.7,24.3,100176,88.88,1
2019-09-26T21:39:56+02:00,14.8,28.2,24.3,100182,88.88,1
2019-09-26T21:40:53+02:00,14.6,27.6,24.3,100187,88.88,1
2019-09-26T21:41:50+02:00,14.6,27.6,24.4,100178,88.8,1
2019-09-26T21:42:48+02:00,14.7,28,24.4,100190,88.8,1
2019-09-26T21:43:44+02:00,14.8,28,24.4,100182,88.8,1
2019-09-26T21:44:41+02:00,14.7,27.8,24.3,100179,88.8,1
2019-09-26T21:45:38+02:00,14.7,28.1,24.3,100185,88.8,1
2019-09-26T21:46:36+02:00,14.7,28.7,24.3,100179,88.8,1
2019-09-26T21:47:32+02:00,14.7,28,24.3,100178,88.8,1
2019-09-26T21:48:30+02:00,14.7,28.2,24.3,100178,88.8,1
2019-09-26T21:49:27+02:00,14.7,28.4,24,100179,88.77,1
2019-09-26T21:50:24+02:00,14.5,27.2,23.7,100180,88.77,1
2019-09-26T21:51:20+02:00,14.4,26.1,23.5,100183,88.77,1
2019-09-26T21:52:18+02:00,14.4,25.7,31.4,100204,88.77,1
2019-09-26T21:53:15+02:00,14.4,26.4,25,100198,88.77,1
2019-09-26T21:54:12+02:00,14.5,26.4,24.1,100184,88.77,1
2019-09-26T21:55:09+02:00,14.3,26.3,23.6,100185,88.77,1
2019-09-26T21:56:06+02:00,14.2,26.4,23.4,100189,88.71,1
2019-09-26T21:57:03+02:00,14.1,26.7,23.4,100182,88.71,1
2019-09-26T21:58:00+02:00,14.2,26.7,23.5,100189,88.71,1
2019-09-26T21:58:57+02:00,14.3,26.4,23.5,100191,88.71,1
2019-09-26T21:59:54+02:00,14.4,27.3,23.6,100189,88.71,1
2019-09-26T22:00:51+02:00,14.5,27.2,23.6,100200,88.71,1
2019-09-26T22:01:48+02:00,14.5,27.3,23.6,100185,88.66,1
2019-09-26T22:02:45+02:00,14.5,27.1,23.6,100189,88.66,1
2019-09-26T22:03:42+02:00,14.4,27.1,23.6,100182,88.66,1
2019-09-26T22:04:39+02:00,14.5,27.8,23.7,100179,88.66,1
2019-09-26T22:05:36+02:00,14.5,27.5,23.7,100194,88.66,1
2019-09-26T22:06:33+02:00,14.5,27.1,23.7,100189,88.66,1
2019-09-26T22:07:30+02:00,14.5,26.5,23.7,100183,88.66,1
2019-09-26T22:08:27+02:00,14.4,26.4,23.6,100189,88.59,1
2019-09-26T22:09:24+02:00,14.3,26.9,23.6,100188,88.59,1
2019-09-26T22:10:21+02:00,14.3,26.6,23.5,100188,88.59,1
2019-09-26T22:11:18+02:00,14.2,26.5,23.5,100198,88.59,1
2019-09-26T22:12:15+02:00,14.2,26.5,23.5,100198,88.59,1
2019-09-26T22:13:12+02:00,14.2,27.4,23.4,100189,88.59,1
2019-09-26T22:14:10+02:00,14,26.7,23.5,100192,88.59,1
2019-09-26T22:15:07+02:00,14,26.3,23.4,100194,88.51,1
2019-09-26T22:16:04+02:00,13.9,26.2,23.4,100192,88.51,1
2019-09-26T22:17:01+02:00,13.9,26.7,23.4,100191,88.51,1
2019-09-26T22:17:58+02:00,13.9,27,23.3,100200,88.51,1
2019-09-26T22:18:55+02:00,13.9,27,23.3,100203,88.51,1
2019-09-26T22:19:52+02:00,13.9,27.4,23.4,100201,88.51,1
2019-09-26T22:20:49+02:00,14,28.2,23.3,100207,88.51,1
2019-09-26T22:21:46+02:00,13.8,27.4,23.4,100204,88.51,1
2019-09-26T22:22:43+02:00,13.7,28.3,23.3,100203,88.47,1
2019-09-26T22:23:40+02:00,13.9,28.7,23.3,100210,88.47,1
2019-09-26T22:24:37+02:00,13.8,28.3,23.4,100215,88.47,1
2019-09-26T22:25:34+02:00,13.9,27.9,23.4,100209,88.47,1
2019-09-26T22:26:31+02:00,13.9,27.5,23.4,100204,88.42,1
2019-09-26T22:27:28+02:00,13.7,27.8,23.5,100207,88.42,1
2019-09-26T22:28:25+02:00,13.7,27.8,23.5,100215,88.42,1
2019-09-26T22:29:22+02:00,13.6,28.1,23.5,100210,88.42,1
2019-09-26T22:30:19+02:00,13.5,27.7,23.5,100222,88.42,1
2019-09-26T22:31:16+02:00,13.5,27.8,23.5,100206,88.42,1
2019-09-26T22:32:13+02:00,13.4,27.4,23.5,100215,88.38,1
2019-09-26T22:33:10+02:00,13.3,26.8,23.5,100221,88.38,1
2019-09-26T22:34:07+02:00,13.2,26.9,23.5,100216,88.38,1
2019-09-26T22:35:04+02:00,13.2,27.7,23.4,100224,88.38,1
2019-09-26T22:36:01+02:00,13.1,28.8,23.4,100224,88.38,1
2019-09-26T22:36:58+02:00,13,28.8,23.3,100225,88.32,1
2019-09-26T22:37:55+02:00,12.9,28.5,23.3,100216,88.32,1
2019-09-26T22:38:52+02:00,12.8,28.9,23.3,100222,88.32,1
2019-09-26T22:39:50+02:00,12.8,28.9,23.3,100234,88.32,1
2019-09-26T22:40:47+02:00,12.8,29.7,23.3,100216,88.32,1
2019-09-26T22:41:44+02:00,12.8,27.8,23.3,100213,88.32,1
2019-09-26T22:42:41+02:00,12.7,27.5,23.3,100227,88.32,1
2019-09-26T22:43:38+02:00,12.8,28.3,23.3,100227,88.25,1
2019-09-26T22:44:35+02:00,12.7,28.1,23.3,100228,88.25,1
2019-09-26T22:45:32+02:00,12.6,27.8,23.4,100219,88.25,1
2019-09-26T22:46:29+02:00,12.5,27.6,23.4,100224,88.25,1
2019-09-26T22:47:26+02:00,12.5,28.6,23.4,100219,88.25,1
2019-09-26T22:48:23+02:00,12.6,29.3,23.4,100222,88.25,1
2019-09-26T22:49:20+02:00,12.6,29.5,23.4,100216,88.25,1
2019-09-26T22:50:17+02:00,12.7,30,23.4,100230,88.18,1
2019-09-26T22:51:14+02:00,12.7,29,23.4,100228,88.18,1
2019-09-26T22:52:11+02:00,12.6,28.5,23.3,100228,88.18,1
2019-09-26T22:53:08+02:00,12.6,28.5,23.3,100225,88.18,1
2019-09-26T22:54:05+02:00,12.5,28.4,23.2,100228,88.18,1
2019-09-26T22:55:02+02:00,12.5,28.8,23.1,100234,88.18,1
2019-09-26T22:55:59+02:00,12.6,28.3,23.1,100224,88.09,1
2019-09-26T22:56:56+02:00,12.5,28.2,23.1,100230,88.09,1
2019-09-26T22:57:53+02:00,12.6,28.3,23.1,100230,88.09,1
2019-09-26T22:58:50+02:00,12.7,28.5,23.1,100231,88.09,1
2019-09-26T22:59:47+02:00,12.7,28.4,23.1,100231,88.09,1
2019-09-26T23:00:45+02:00,12.7,28.2,23,100228,88.01,1
2019-09-26T23:01:42+02:00,12.7,28.9,23,100231,88.01,1
2019-09-26T23:02:39+02:00,12.7,28.6,23,100229,88.01,1
2019-09-26T23:03:36+02:00,12.7,27.7,23,100234,88.01,1
2019-09-26T23:04:33+02:00,12.8,28,23,100232,88.01,1
2019-09-26T23:05:30+02:00,12.9,27.9,23,100238,88.01,1
2019-09-26T23:06:27+02:00,12.9,27.8,23.1,100222,88,1
2019-09-26T23:07:24+02:00,13.1,27.9,23,100241,88,1
2019-09-26T23:08:21+02:00,13,28.5,23,100232,88,1
2019-09-26T23:09:18+02:00,12.9,27.4,23,100246,88,1
2019-09-26T23:10:15+02:00,12.8,27.3,23,100232,88,1
2019-09-26T23:11:12+02:00,12.9,27.1,23,100246,88,1
2019-09-26T23:12:09+02:00,12.8,26,23,100243,87.8,1
2019-09-26T23:13:06+02:00,12.8,26.5,22.9,100235,87.8,1
2019-09-26T23:14:03+02:00,12.9,26.6,22.9,100237,87.8,1
2019-09-26T23:15:00+02:00,12.8,25.9,22.9,100244,87.8,1
2019-09-26T23:15:57+02:00,12.7,24.5,22.9,100246,87.8,1
2019-09-26T23:16:54+02:00,12.7,24.8,22.9,100246,87.8,1
2019-09-26T23:17:51+02:00,12.6,24.4,22.9,100244,87.8,1
2019-09-26T23:18:48+02:00,12.6,24.7,22.9,100241,87.8,1
2019-09-26T23:19:45+02:00,12.7,25.1,22.8,100252,87.8,1
2019-09-26T23:20:42+02:00,12.7,25.3,22.8,100246,87.6,1
2019-09-26T23:21:39+02:00,12.7,25,22.7,100249,87.6,1
2019-09-26T23:22:36+02:00,12.6,24.8,22.7,100256,87.6,1
2019-09-26T23:23:33+02:00,12.6,24.5,22.8,100253,87.6,1
2019-09-26T23:24:30+02:00,12.6,24.5,22.9,100253,87.6,1
2019-09-26T23:25:27+02:00,12.5,24.3,22.9,100250,87.6,1
2019-09-26T23:26:25+02:00,12.4,23.6,22.9,100249,87.6,1
2019-09-26T23:27:22+02:00,12.4,24,22.9,100247,87.7,1
2019-09-26T23:28:19+02:00,12.5,24.5,22.9,100255,87.7,1
2019-09-26T23:29:16+02:00,12.6,26.9,22.9,100246,87.6,1
2019-09-26T23:30:13+02:00,12.6,26.4,22.9,100249,87.6,1
2019-09-26T23:31:10+02:00,12.6,26.8,22.9,100250,87.5,1
2019-09-26T23:32:07+02:00,12.6,27.2,23,100265,87.5,1
2019-09-26T23:33:04+02:00,12.6,26.3,22.9,100246,87.5,1
2019-09-26T23:34:01+02:00,12.7,26.7,22.9,100250,87.5,1
2019-09-26T23:34:58+02:00,12.9,26.7,22.9,100256,87.5,1
2019-09-26T23:35:55+02:00,12.7,26.4,22.9,100253,87.5,1
2019-09-26T23:36:53+02:00,12.8,25.9,22.8,100259,87.5,1
2019-09-26T23:37:50+02:00,12.8,26.1,22.8,100264,87.4,1
2019-09-26T23:38:47+02:00,13.1,27.4,22.8,100249,87.4,1
2019-09-26T23:39:44+02:00,13.1,28.7,22.8,100244,87.4,1
2019-09-26T23:40:41+02:00,13.1,28.6,22.9,100259,87.5,1
2019-09-26T23:41:38+02:00,13.1,28.9,22.9,100256,87.5,1
2019-09-26T23:42:35+02:00,13.1,29.5,22.9,100261,87.4,1
2019-09-26T23:43:32+02:00,13.3,30.9,22.9,100264,87.4,1
2019-09-26T23:44:29+02:00,13.4,31.5,22.9,100261,87.4,1
2019-09-26T23:45:26+02:00,13.5,30.7,22.8,100262,87.3,1
2019-09-26T23:46:23+02:00,13.5,31.6,22.8,100268,87.3,1
2019-09-26T23:47:20+02:00,13.4,30.6,22.8,100261,87.3,1
2019-09-26T23:48:17+02:00,13.4,30.8,22.8,100262,87.3,1
2019-09-26T23:49:14+02:00,13.4,31.5,22.9,100256,87.3,1
2019-09-26T23:50:11+02:00,13.4,32,22.9,100265,87.3,1
2019-09-26T23:51:08+02:00,13.5,32.3,22.9,100258,87.3,1
2019-09-26T23:52:05+02:00,13.6,33.3,22.9,100265,87.1,1
2019-09-26T23:53:03+02:00,13.6,33.3,22.9,100264,87.1,1
2019-09-26T23:54:00+02:00,13.5,32.8,22.9,100265,87.1,1
2019-09-26T23:54:56+02:00,13.6,32.7,22.9,100276,87.1,1
2019-09-26T23:55:54+02:00,13.4,31.9,22.9,100270,87.1,1
2019-09-26T23:56:51+02:00,13.3,31.8,23,100265,87.1,1
2019-09-26T23:57:48+02:00,13.5,29.8,23.1,100271,87.1,1
2019-09-26T23:58:45+02:00,13.4,30.2,23.1,100265,87.1,1
2019-09-26T23:59:42+02:00,13.4,30.4,23.1,100271,87,1
2019-09-27T00:00:39+02:00,13.4,30.3,23.2,100270,87,1
2019-09-27T00:01:36+02:00,13.3,30.5,23.1,100271,87,1
2019-09-27T00:02:33+02:00,13.3,30,23.1,100264,87,1
2019-09-27T00:03:30+02:00,13.2,29.7,23.1,100273,87.1,1
2019-09-27T00:04:27+02:00,13.2,29.9,23.1,100268,87.1,1
2019-09-27T00:05:24+02:00,13.2,30.2,23.1,100274,87.1,1
2019-09-27T00:06:21+02:00,13.2,30.6,23.1,100273,87.1,1
2019-09-27T00:07:18+02:00,13.1,29.8,23.1,100274,87,1
2019-09-27T00:08:15+02:00,13.1,28.6,23.1,100280,87,1
2019-09-27T00:09:12+02:00,13.2,28.7,23,100271,87,1
2019-09-27T00:10:09+02:00,13.3,28.2,23,100277,87,1
2019-09-27T00:11:06+02:00,13.2,27.7,22.8,100271,87,1
2019-09-27T00:12:03+02:00,13,26.4,22.8,100267,86.9,1
2019-09-27T00:13:00+02:00,13,26.1,22.8,100273,86.9,1
2019-09-27T00:13:57+02:00,12.8,25.9,22.8,100273,86.9,1
2019-09-27T00:14:54+02:00,12.9,25.1,22.8,100279,86.9,1
2019-09-27T00:15:51+02:00,13,25.1,22.8,100279,86.9,1
2019-09-27T00:16:48+02:00,13,25.6,22.7,100277,86.8,1
2019-09-27T00:17:45+02:00,13.1,25.1,22.7,100280,86.8,1
2019-09-27T00:18:43+02:00,13.2,24.7,22.7,100282,86.8,1
2019-09-27T00:19:40+02:00,13.1,24.7,22.7,100280,86.8,1
2019-09-27T00:20:37+02:00,13.1,24.5,22.7,100273,86.7,1
2019-09-27T00:21:34+02:00,13.3,25.8,22.7,100277,86.7,1
2019-09-27T00:22:31+02:00,13.3,26.4,22.8,100274,86.7,1
2019-09-27T00:23:28+02:00,13.4,26.8,22.9,100279,86.7,1
2019-09-27T00:24:25+02:00,13.4,27.4,23,100277,86.7,1
2019-09-27T00:25:22+02:00,13.5,27.1,23.1,100276,86.7,1
2019-09-27T00:26:19+02:00,13.5,27.1,23.1,100280,86.7,1
2019-09-27T00:27:16+02:00,13.5,26.3,23,100283,86.6,1
2019-09-27T00:28:13+02:00,13.5,25.6,23,100288,86.6,1
2019-09-27T00:29:10+02:00,13.5,25.6,22.9,100283,86.6,1
2019-09-27T00:30:07+02:00,13.6,25.3,22.9,100282,86.6,1
2019-09-27T00:31:04+02:00,13.6,25.2,22.9,100283,86.6,1
2019-09-27T00:32:01+02:00,13.7,26.7,22.8,100293,86.5,1
2019-09-27T00:32:58+02:00,13.8,27,22.8,100288,86.5,1
2019-09-27T00:33:55+02:00,13.8,26.6,22.8,100291,86.5,1
2019-09-27T00:34:52+02:00,13.9,26.5,22.8,100286,86.5,1
2019-09-27T00:35:49+02:00,13.8,26.9,22.7,100283,86.5,1
2019-09-27T00:36:46+02:00,13.8,27.4,22.7,100286,86.4,1
2019-09-27T00:37:43+02:00,13.9,27.8,22.7,100285,86.4,1
2019-09-27T00:38:40+02:00,13.8,29.3,22.7,100285,86.4,1
2019-09-27T00:39:37+02:00,13.9,29.6,22.7,100283,86.4,1
2019-09-27T00:40:34+02:00,13.9,30.5,22.6,100288,86.4,1
2019-09-27T00:41:31+02:00,13.8,30.6,22.7,100282,86.4,1
2019-09-27T00:42:28+02:00,13.9,31.5,22.8,100288,86.4,1
2019-09-27T00:43:25+02:00,13.9,32.4,22.8,100288,86.2,1
2019-09-27T00:44:22+02:00,13.9,32.5,22.9,100282,86.2,1
2019-09-27T00:45:19+02:00,13.7,31.3,22.8,100288,86.3,1
2019-09-27T00:46:16+02:00,13.7,31.3,23,100286,86.3,1
2019-09-27T00:47:13+02:00,13.7,32.6,22.9,100288,86.3,1
2019-09-27T00:48:10+02:00,13.6,32.6,22.7,100297,86.3,1
2019-09-27T00:49:07+02:00,13.6,33,22.4,100278,86.3,1
2019-09-27T00:50:04+02:00,13.4,32,22.4,100287,86.2,1
2019-09-27T00:51:01+02:00,13.5,32.4,22.4,100294,86.2,1
2019-09-27T00:51:59+02:00,13.5,32.2,22.2,100289,86.2,1
2019-09-27T00:52:55+02:00,13.5,32.2,22.2,100281,86.3,1
2019-09-27T00:53:52+02:00,13.4,32.2,22.2,100283,86.3,1
2019-09-27T00:54:50+02:00,13.3,33,22.2,100291,86.2,1
2019-09-27T00:55:47+02:00,13.5,33.5,22.2,100283,86.2,1
2019-09-27T00:56:44+02:00,13.4,33.8,22.2,100287,86.2,1
2019-09-27T00:57:41+02:00,13.5,34.1,22,100288,86.2,1
2019-09-27T00:58:38+02:00,13.4,34.5,22,100291,86.2,1
2019-09-27T00:59:35+02:00,13.3,34.4,22,100291,86.2,1
2019-09-27T01:00:32+02:00,13.2,33.6,22,100292,86.2,1
2019-09-27T01:01:29+02:00,13.3,33,21.9,100290,86.1,1
2019-09-27T01:02:26+02:00,13.2,33.2,21.8,100292,86.1,1
2019-09-27T01:03:23+02:00,13.3,33.3,21.8,100292,86.1,1
2019-09-27T01:04:20+02:00,13.3,32.9,21.8,100292,86.2,1
2019-09-27T01:05:17+02:00,13.4,32.7,21.6,100287,86.2,1
2019-09-27T01:06:14+02:00,13.3,32.9,21.8,100292,86.1,1
2019-09-27T01:07:12+02:00,13.3,31.5,21.9,100302,86.1,1
2019-09-27T01:08:09+02:00,13.4,30.9,22,100288,86.1,1
2019-09-27T01:09:07+02:00,13.5,31,22.1,100289,86,1
2019-09-27T01:10:04+02:00,13.6,31.4,21.9,100292,86,1
2019-09-27T01:11:01+02:00,13.6,31.7,21.8,100301,86,1
2019-09-27T01:11:59+02:00,13.6,30.3,21.2,100299,86,1
2019-09-27T01:12:56+02:00,13.8,31.1,21.1,100294,85.9,1
2019-09-27T01:13:53+02:00,13.9,32.2,21.2,100303,85.9,1
2019-09-27T01:14:50+02:00,13.9,32.2,21.2,100300,85.9,1
2019-09-27T01:15:47+02:00,13.9,31.7,21.2,100309,85.9,1
2019-09-27T01:16:44+02:00,13.9,32.2,21.2,100308,85.9,1
2019-09-27T01:17:42+02:00,13.8,32.2,21.3,100296,85.8,1
2019-09-27T01:18:39+02:00,13.8,32.9,21.4,100299,85.8,1
2019-09-27T01:19:37+02:00,13.9,32.4,21.4,100298,85.8,1
2019-09-27T01:20:34+02:00,13.9,33.9,21.5,100295,85.8,1
2019-09-27T01:21:31+02:00,13.9,34.8,21.5,100304,85.9,1
2019-09-27T01:22:29+02:00,14,35.4,21.5,100305,85.9,1
2019-09-27T01:23:27+02:00,13.9,34.3,21.5,100307,85.8,1
2019-09-27T01:24:24+02:00,13.8,34.6,21.4,100305,85.8,1
2019-09-27T01:25:21+02:00,13.9,35.5,21.4,100307,85.7,1
2019-09-27T01:26:18+02:00,13.7,35.6,21.4,100302,85.7,1
2019-09-27T01:27:15+02:00,13.7,35.7,21.5,100310,85.7,1
2019-09-27T01:28:13+02:00,13.9,36.8,21.5,100310,85.7,1
2019-09-27T01:29:10+02:00,14,36.7,21.5,100310,85.7,1
2019-09-27T01:30:07+02:00,13.8,37.5,21.6,100305,85.7,1
2019-09-27T01:31:04+02:00,13.8,37.5,21.6,100313,85.7,1
2019-09-27T01:32:01+02:00,13.7,37.2,21.6,100301,85.7,1
2019-09-27T01:32:58+02:00,13.6,37.3,21.5,100302,85.5,1
2019-09-27T01:33:55+02:00,13.5,37.4,21.4,100304,85.5,1
2019-09-27T01:34:52+02:00,13.6,36.8,21.5,100311,85.5,1
2019-09-27T01:35:49+02:00,13.6,37,21.5,100310,85.5,1
2019-09-27T01:36:46+02:00,13.5,37.3,21.5,100310,85.5,1
2019-09-27T01:37:43+02:00,13.4,36.2,21.5,100304,85.5,1
2019-09-27T01:38:40+02:00,13.3,36.8,21.4,100304,85.4,1
2019-09-27T01:39:37+02:00,13.4,35.9,21.4,100295,85.4,1
2019-09-27T01:40:34+02:00,13.3,36.1,21.4,100293,85.4,1
2019-09-27T01:41:31+02:00,13.2,35.4,21.4,100295,85.4,1
2019-09-27T01:42:28+02:00,13.1,34.6,21.4,100296,85.3,1
2019-09-27T01:43:25+02:00,13,34.6,21.3,100299,85.3,1
2019-09-27T01:44:22+02:00,13,33.5,21.3,100298,85.3,1
2019-09-27T01:45:19+02:00,13.1,32.8,21.3,100298,85.3,1
2019-09-27T01:46:16+02:00,13,31.8,21.3,100304,85.3,1
2019-09-27T01:47:13+02:00,13.1,31.9,21.3,100293,85.3,1
2019-09-27T01:48:11+02:00,13.1,31.8,21.4,100299,85.3,1
2019-09-27T01:49:08+02:00,13,30.2,21.4,100295,85.1,1
2019-09-27T01:50:05+02:00,13.1,33.3,21.3,100298,85.1,1
2019-09-27T01:54:42+02:00,5.6,14.2,21.1,100296,85.1,0
2019-09-27T01:55:36+02:00,5.6,14.6,21.1,100300,85.1,0
2019-09-27T01:56:30+02:00,5.5,14.8,21.1,100297,85.1,0
2019-09-27T01:57:24+02:00,5.6,14.7,21,100294,84.9,0
2019-09-27T01:58:18+02:00,5.5,14.7,21,100306,84.9,0
2019-09-27T01:59:12+02:00,5.4,14.2,21,100305,84.9,0
2019-09-27T02:00:06+02:00,5.5,14.1,21,100299,84.9,0
2019-09-27T02:01:00+02:00,5.5,13.9,21,100303,84.9,0
2019-09-27T02:01:54+02:00,5.5,13.8,20.8,100308,84.9,0
2019-09-27T02:02:48+02:00,5.6,13.4,20.7,100305,84.9,0
2019-09-27T02:03:42+02:00,5.6,13.3,20.7,100294,85,0
2019-09-27T02:04:36+02:00,5.6,13.6,20.7,100297,85,0
2019-09-27T02:05:30+02:00,5.6,13.3,20.7,100293,85,0
2019-09-27T02:06:24+02:00,5.6,13.2,20.8,100293,85,0
2019-09-27T02:07:18+02:00,5.6,13.2,20.9,100303,85,0
2019-09-27T02:08:12+02:00,5.6,12.9,20.9,100305,85,0
2019-09-27T02:09:06+02:00,5.6,12.7,20.9,100302,85,0
2019-09-27T02:10:00+02:00,5.5,12.7,21,100302,85,0
2019-09-27T02:10:54+02:00,5.5,12.6,21,100302,84.9,0
2019-09-27T02:11:48+02:00,5.6,12.6,21,100302,84.9,0
2019-09-27T02:12:42+02:00,5.5,11.9,21,100303,84.9,0
2019-09-27T02:13:36+02:00,5.6,11.9,20.9,100312,84.9,0
2019-09-27T02:14:30+02:00,5.6,11.3,20.9,100314,84.9,0
2019-09-27T02:15:24+02:00,5.6,10.9,20.9,100309,84.9,0
2019-09-27T02:16:18+02:00,5.5,10.5,20.8,100302,84.9,0
2019-09-27T02:17:12+02:00,5.5,10.4,20.8,100317,84.8,0
2019-09-27T02:18:06+02:00,5.5,9.6,20.7,100300,84.8,0
2019-09-27T02:28:08+02:00,8,16.7,21,100296,84.8,0
2019-09-27T02:29:02+02:00,7.9,16.7,21,100302,84.8,0
2019-09-27T02:29:56+02:00,8,16.9,21,100311,84.8,0
2019-09-27T02:30:50+02:00,8,17,21,100300,84.9,0
2019-09-27T02:31:44+02:00,8,16.9,20.9,100299,84.9,0
2019-09-27T02:32:38+02:00,7.9,17.4,20.9,100299,84.9,0
2019-09-27T02:33:32+02:00,7.8,16.9,20.9,100305,84.9,0
2019-09-27T02:34:26+02:00,7.7,17,20.8,100302,84.8,0
2019-09-27T02:35:20+02:00,7.8,17.1,20.8,100297,84.8,0
2019-09-27T02:36:14+02:00,7.7,16.5,20.7,100299,84.8,0
2019-09-27T02:37:08+02:00,7.7,16.5,20.7,100302,84.8,0
2019-09-27T02:38:02+02:00,7.8,16.7,20.7,100302,84.8,0
2019-09-27T02:38:56+02:00,7.8,17,20.8,100318,84.8,0
2019-09-27T02:39:50+02:00,7.9,17.5,20.8,100312,84.7,0
2019-09-27T02:40:44+02:00,7.8,17.1,20.8,100315,84.7,0
2019-09-27T02:41:38+02:00,7.8,16.6,20.8,100312,84.7,0
2019-09-27T02:42:32+02:00,7.9,16.8,20.8,100317,84.7,0
2019-09-27T02:43:26+02:00,7.8,16.5,20.8,100306,84.7,0
2019-09-27T02:44:20+02:00,7.8,16.5,20.8,100317,84.7,0
2019-09-27T02:45:14+02:00,7.9,16.6,20.7,100306,84.8,0
2019-09-27T02:46:08+02:00,7.9,16.6,20.7,100308,84.8,0
2019-09-27T02:47:02+02:00,8,17,20.7,100303,84.7,0
2019-09-27T02:47:56+02:00,8.1,17.2,20.7,100308,84.7,0
2019-09-27T02:48:50+02:00,8.2,17.1,20.6,100300,84.8,0
2019-09-27T02:49:44+02:00,8.2,16.1,20.7,100308,84.8,0
2019-09-27T02:50:38+02:00,8.2,15.6,20.9,100305,84.7,0
2019-09-27T02:51:32+02:00,8.1,15.8,21.1,100312,84.7,0
2019-09-27T02:52:26+02:00,8.1,15.5,21.2,100302,84.7,0
2019-09-27T02:53:20+02:00,8.1,15.3,21.3,100303,84.7,0
2019-09-27T02:54:14+02:00,8,14.6,21.3,100303,84.7,0
2019-09-27T02:55:08+02:00,8,14.5,21.3,100311,84.7,0
2019-09-27T02:56:02+02:00,8,14.8,21.3,100306,84.5,0
2019-09-27T02:56:57+02:00,8,14.7,21.3,100309,84.5,0
2019-09-27T02:57:51+02:00,8,14.6,21.3,100299,84.5,0
2019-09-27T02:58:45+02:00,8.1,15.4,21.4,100308,84.5,0
2019-09-27T02:59:39+02:00,8.2,15.5,21.5,100308,84.5,0
2019-09-27T03:00:33+02:00,8.4,15.8,21.5,100313,84.5,0
2019-09-27T03:01:27+02:00,8.4,16.1,21.6,100304,84.5,0
2019-09-27T03:02:21+02:00,8.4,16.1,21.6,100316,84.5,0
2019-09-27T03:03:14+02:00,8.5,16.4,21.6,100307,84.5,0
2019-09-27T03:04:08+02:00,8.6,16.9,21.7,100322,84.5,0
2019-09-27T03:05:02+02:00,8.5,17,21.7,100307,84.4,0
2019-09-27T03:05:56+02:00,8.4,16.6,21.7,100314,84.4,0
2019-09-27T03:06:51+02:00,8.4,15.8,21.7,100313,84.4,0
2019-09-27T03:07:45+02:00,8.4,15.9,21.7,100316,84.4,0
2019-09-27T03:08:39+02:00,8.4,15.9,21.7,100308,84.4,0
2019-09-27T03:09:33+02:00,8.3,15.8,21.7,100307,84.3,0
2019-09-27T03:10:27+02:00,8.3,15.5,21.7,100314,84.3,0
2019-09-27T03:11:21+02:00,8.3,15.5,21.7,100307,84.3,0
2019-09-27T03:12:15+02:00,8.2,15.4,21.7,100308,84.3,0
2019-09-27T03:13:09+02:00,8.3,15.6,21.7,100316,84.3,0
2019-09-27T03:14:03+02:00,8.3,15.5,21.6,100317,84.3,0
2019-09-27T03:14:57+02:00,8.2,15.2,21.6,100301,84.1,0
2019-09-27T03:15:51+02:00,8.1,14.8,21.5,100310,84.1,0
2019-09-27T03:16:45+02:00,8.1,14.7,21.5,100299,84.1,0
2019-09-27T03:17:39+02:00,8.1,15.3,21.5,100307,84.1,0
2019-09-27T03:18:33+02:00,8.2,14.9,21.4,100304,84.1,0
2019-09-27T03:19:27+02:00,8.3,15.2,21.4,100302,84.2,0
2019-09-27T03:20:21+02:00,8.2,15.1,21.3,100301,84.2,0
2019-09-27T03:21:15+02:00,8.4,16.4,21.3,100309,84.1,0
2019-09-27T03:22:09+02:00,8.4,16.8,21.4,100302,84,0
2019-09-27T03:23:03+02:00,8.5,16.7,21.4,100301,84,0
2019-09-27T03:23:57+02:00,8.4,16.6,21.5,100304,84,0
2019-09-27T03:24:51+02:00,8.4,17.2,21.5,100308,84,0
2019-09-27T03:25:45+02:00,8.3,16.5,21.6,100301,84,0
2019-09-27T03:26:39+02:00,8.3,16,21.6,100301,84,0
2019-09-27T03:27:33+02:00,8.2,15.6,21.6,100310,83.9,0
2019-09-27T03:28:27+02:00,8.3,15.3,21.6,100311,83.9,0
2019-09-27T03:29:21+02:00,8.3,15.4,21.7,100302,83.9,0
2019-09-27T03:30:15+02:00,8.2,15.3,21.6,100310,83.8,0
2019-09-27T03:31:09+02:00,8.3,15.9,21.6,100310,83.8,0
2019-09-27T03:32:03+02:00,8.4,15.6,21.6,100302,83.8,0
2019-09-27T03:32:57+02:00,8.5,15.9,21.6,100314,83.8,0
2019-09-27T03:33:51+02:00,8.5,15.8,21.6,100305,83.7,0
2019-09-27T03:34:45+02:00,8.5,15.4,21.6,100302,83.7,0
2019-09-27T03:35:39+02:00,8.6,15.8,21.5,100307,83.7,0
2019-09-27T03:36:33+02:00,8.6,15.7,21.5,100316,83.7,0
2019-09-27T03:37:27+02:00,8.6,15.9,21.5,100310,83.7,0
2019-09-27T03:38:21+02:00,8.6,15.9,21.5,100316,83.8,0
2019-09-27T03:39:15+02:00,8.7,15.9,21.5,100308,83.8,0
2019-09-27T03:40:09+02:00,8.7,16.7,21.5,100316,83.8,0
2019-09-27T03:41:03+02:00,8.7,17.2,21.5,100301,83.7,0
2019-09-27T03:41:57+02:00,8.8,17.6,21.5,100308,83.7,0
2019-09-27T03:42:51+02:00,8.8,17.6,21.5,100311,83.7,0
2019-09-27T03:43:45+02:00,8.8,18,21.6,100308,83.7,0
2019-09-27T03:44:39+02:00,8.6,17.2,21.6,100304,83.7,0
2019-09-27T03:45:33+02:00,8.6,17.2,21.6,100305,83.7,0
2019-09-27T03:46:27+02:00,8.5,16.9,21.6,100298,83.6,0
2019-09-27T03:47:21+02:00,8.5,17,21.6,100307,83.6,0
2019-09-27T03:48:15+02:00,8.5,16,21.6,100308,83.6,0
2019-09-27T03:49:09+02:00,8.5,16.9,21.6,100311,83.6,0
2019-09-27T03:50:03+02:00,8.5,16.8,21.5,100313,83.7,0
2019-09-27T03:50:57+02:00,8.5,16.6,21.5,100307,83.7,0
2019-09-27T03:51:51+02:00,8.5,15.8,21.4,100305,83.7,0
2019-09-27T03:52:45+02:00,8.5,16.2,21.4,100302,83.6,0
2019-09-27T03:53:39+02:00,8.5,16.1,21.4,100308,83.6,0
2019-09-27T03:54:33+02:00,8.5,16.2,21.4,100313,83.6,0
2019-09-27T03:55:27+02:00,8.4,16.3,21.4,100298,83.6,0
2019-09-27T03:56:21+02:00,8.3,16.6,21.4,100301,83.5,0
2019-09-27T03:57:15+02:00,8.3,17.2,21.3,100302,83.5,0
2019-09-27T03:58:09+02:00,8.1,16.4,21.3,100302,83.5,0
2019-09-27T03:59:03+02:00,8.2,16.9,21.2,100296,83.6,0
2019-09-27T03:59:57+02:00,8.1,16.7,21.2,100296,83.6,0
2019-09-27T04:00:51+02:00,8,16.6,21.3,100298,83.5,0
2019-09-27T04:01:45+02:00,8,16.7,21.4,100301,83.5,0
2019-09-27T04:02:39+02:00,7.9,16.4,21.4,100305,83.6,0
2019-09-27T04:03:33+02:00,7.9,16.4,21.3,100299,83.6,0
2019-09-27T04:04:27+02:00,8.1,17.4,21.3,100303,83.6,0
2019-09-27T04:05:21+02:00,8.1,17.5,21.3,100301,83.5,0
2019-09-27T04:06:15+02:00,8.1,17.8,21.4,100308,83.5,0
2019-09-27T04:15:12+02:00,4.9,9.2,21.6,100302,83.5,0
2019-09-27T04:16:06+02:00,4.9,9.3,21.6,100293,83.5,0
2019-09-27T04:17:00+02:00,5,10.2,21.6,100296,83.4,0
2019-09-27T04:17:54+02:00,4.9,9.9,21.6,100301,83.4,0
2019-09-27T04:18:48+02:00,4.9,9.9,21.6,100299,83.4,0
2019-09-27T04:19:42+02:00,5,9.9,21.6,100298,83.4,0
2019-09-27T04:20:36+02:00,5,9.9,21.6,100296,83.4,0
2019-09-27T04:21:29+02:00,5,9.3,21.6,100293,83.5,0
2019-09-27T04:22:23+02:00,5,8.9,21.6,100296,83.4,0
2019-09-27T04:23:17+02:00,5,9.1,21.6,100298,83.4,0
2019-09-27T04:24:11+02:00,5,9.6,21.6,100293,83.5,0
2019-09-27T04:25:05+02:00,5,9.7,21.6,100289,83.4,0
2019-09-27T04:25:59+02:00,5,9.2,21.5,100298,83.4,0
2019-09-27T04:26:53+02:00,5,9.3,21.5,100301,83.3,0
2019-09-27T04:27:47+02:00,5.1,10.3,21.4,100298,83.3,0
2019-09-27T04:28:41+02:00,5.1,10.3,21.3,100296,83.3,0
2019-09-27T04:29:35+02:00,5.1,10.5,21.2,100299,83.3,0
2019-09-27T04:30:29+02:00,5.1,10.4,21.2,100297,83.3,0
2019-09-27T04:31:23+02:00,5.2,10.9,21.1,100289,83.4,0
2019-09-27T04:32:17+02:00,5.2,10.5,21.2,100292,83.3,0
2019-09-27T04:33:11+02:00,5.3,10.7,21.2,100289,83.4,0
2019-09-27T04:34:05+02:00,5.2,10.6,21.2,100295,83.4,0
2019-09-27T04:34:59+02:00,5.4,10.6,21.3,100296,83.3,0
2019-09-27T04:35:53+02:00,5.2,10.5,21.3,100290,83.3,0
2019-09-27T04:36:47+02:00,5.2,10.4,21.4,100293,83.3,0
2019-09-27T04:37:41+02:00,5.2,10.7,21.4,100287,83.3,0
2019-09-27T04:38:35+02:00,5.3,11,21.4,100289,83.3,0
2019-09-27T04:39:29+02:00,5.3,10.9,21.4,100292,83.2,0
2019-09-27T04:40:23+02:00,5.2,10.7,21.3,100305,83.2,0
2019-09-27T04:41:17+02:00,5.2,12,21.2,100296,83.2,0
2019-09-27T04:42:11+02:00,5.2,12,21.2,100292,83.2,0
2019-09-27T04:43:05+02:00,5.2,11.9,21.2,100303,83.3,0
2019-09-27T04:43:59+02:00,5.1,11,21.1,100294,83.3,0
2019-09-27T04:44:53+02:00,5.2,11.1,21,100299,83.2,0
2019-09-27T04:45:47+02:00,5.1,11.2,21,100297,83.2,0
2019-09-27T04:46:41+02:00,5.1,10.9,21,100294,83.2,0
2019-09-27T04:47:35+02:00,5.1,11.5,21,100300,83.2,0
2019-09-27T04:48:29+02:00,5,11.3,21,100288,83.1,0
2019-09-27T04:49:23+02:00,5.1,11.3,20.9,100297,83.1,0
2019-09-27T04:50:17+02:00,5.1,11.1,20.9,100299,83.2,0
2019-09-27T04:51:11+02:00,5.1,10.6,20.9,100291,83.2,0
2019-09-27T04:52:05+02:00,5.1,10.6,20.8,100288,83.1,0
2019-09-27T04:52:59+02:00,5.1,11,20.7,100286,83.1,0
2019-09-27T04:53:53+02:00,5.2,11.3,20.7,100296,83.1,0
2019-09-27T04:54:47+02:00,5.2,10.5,20.7,100297,83.1,0
2019-09-27T04:55:41+02:00,5.2,10.5,20.7,100290,83.1,0
2019-09-27T04:56:35+02:00,5.2,10.3,20.7,100288,83.1,0
2019-09-27T04:57:29+02:00,5.2,10.5,20.7,100302,83.1,0
2019-09-27T04:58:23+02:00,5.2,10.1,20.7,100291,83.1,0
2019-09-27T04:59:17+02:00,5.2,9.9,20.7,100285,83.1,0
2019-09-27T05:00:11+02:00,5.2,9.9,20.7,100283,83.1,0
2019-09-27T05:01:05+02:00,5.2,10,20.7,100296,83.1,0
2019-09-27T05:01:59+02:00,5.1,10.3,20.8,100280,83,0
2019-09-27T05:02:53+02:00,5,10.6,20.8,100285,83,0
2019-09-27T05:03:47+02:00,5.1,10.9,20.8,100293,83.1,0
2019-09-27T05:04:41+02:00,5,10.5,20.9,100294,83.1,0
2019-09-27T05:05:35+02:00,5,10.3,21,100288,83.1,0
2019-09-27T05:06:29+02:00,5.1,10.6,21.1,100293,83.1,0
2019-09-27T05:07:23+02:00,5.1,10.7,21.1,100294,83,0
2019-09-27T05:08:17+02:00,5.1,9.3,21.2,100288,83,0
2019-09-27T05:09:11+02:00,5.1,9.3,21.2,100299,83,0
2019-09-27T05:10:05+02:00,5.1,10.6,21.3,100295,83,0
2019-09-27T05:10:59+02:00,5.1,10.7,21.3,100284,83,0
2019-09-27T05:11:53+02:00,5,10.5,21.3,100293,83,0
2019-09-27T05:12:47+02:00,5,10.6,21.4,100289,83,0
2019-09-27T05:13:41+02:00,5,11.1,21.3,100285,83,0
2019-09-27T05:14:35+02:00,4.9,10.3,21.2,100282,82.9,0
2019-09-27T05:15:29+02:00,5,10.3,21.2,100289,82.9,0
2019-09-27T05:16:23+02:00,5,10.9,21.2,100288,82.9,0
2019-09-27T05:17:18+02:00,4.9,10.8,21.1,100282,82.9,0
2019-09-27T05:18:12+02:00,4.9,10.7,21,100283,83,0
2019-09-27T05:19:05+02:00,4.8,10.6,21,100283,83,0
2019-09-27T05:20:00+02:00,4.8,10.2,20.9,100285,83,0
2019-09-27T05:20:53+02:00,4.7,9.8,20.9,100288,82.8,0
2019-09-27T05:21:48+02:00,4.6,9.7,20.9,100277,82.8,0
2019-09-27T05:22:42+02:00,4.6,9.4,20.8,100288,82.8,0
2019-09-27T05:23:36+02:00,4.6,10,20.9,100285,82.8,0
2019-09-27T05:24:30+02:00,4.6,10,20.9,100279,82.8,0
2019-09-27T05:25:24+02:00,4.6,9.9,20.9,100274,82.8,0
2019-09-27T05:26:18+02:00,4.6,9.9,20.9,100288,82.8,0
2019-09-27T05:27:11+02:00,4.5,9.9,21,100278,82.9,0
2019-09-27T05:28:06+02:00,4.5,9.9,21.1,100291,82.9,0
2019-09-27T05:29:00+02:00,4.5,9.5,21.1,100293,82.9,0
2019-09-27T05:34:40+02:00,4.5,10.3,21.3,100290,82.9,0
2019-09-27T05:35:34+02:00,4.6,9.8,21.4,100298,82.9,0
2019-09-27T05:36:28+02:00,4.6,10,21.4,100288,82.8,0
2019-09-27T05:37:22+02:00,4.6,10.6,21.4,100295,82.8,0
2019-09-27T05:38:16+02:00,4.7,10.7,21.4,100289,82.8,0
2019-09-27T05:39:10+02:00,4.7,11,21.4,100298,82.8,0
2019-09-27T05:40:04+02:00,4.8,11.2,21.4,100298,82.8,0
2019-09-27T05:40:58+02:00,4.8,11.1,21.4,100295,82.7,0
2019-09-27T05:41:52+02:00,4.8,11,21.4,100298,82.7,0
2019-09-27T05:42:45+02:00,4.8,11,21.3,100289,82.7,0
2019-09-27T05:43:39+02:00,4.8,10.5,21.3,100292,82.7,0
2019-09-27T05:44:33+02:00,4.7,10.2,21.3,100295,82.7,0
2019-09-27T05:45:27+02:00,4.8,10.3,21.3,100299,82.7,0
2019-09-27T05:46:21+02:00,4.8,10.7,21.3,100290,82.7,0
2019-09-27T05:47:15+02:00,4.8,11.1,21.2,100290,82.7,0
2019-09-27T05:48:09+02:00,4.8,11.6,21.2,100284,82.6,0
2019-09-27T05:49:03+02:00,4.7,10.9,21.2,100292,82.6,0
2019-09-27T05:49:57+02:00,4.8,11.1,21.2,100299,82.6,0
2019-09-27T05:50:51+02:00,4.9,11.5,21.2,100290,82.6,0
2019-09-27T05:51:45+02:00,4.9,11.6,21.1,100300,82.6,0
2019-09-27T05:52:39+02:00,5,11.3,21.1,100297,82.6,0
2019-09-27T05:53:33+02:00,5,11.7,21.1,100293,82.7,0
2019-09-27T05:54:27+02:00,5,11.5,21,100288,82.7,0
2019-09-27T05:55:21+02:00,4.9,11.3,20.9,100288,82.6,0
2019-09-27T05:56:15+02:00,4.9,10.7,20.9,100286,82.6,0
2019-09-27T06:04:58+02:00,4.5,8,21.3,100287,82.5,0
2019-09-27T06:05:52+02:00,4.5,8,21.3,100281,82.5,0
2019-09-27T06:06:46+02:00,4.5,8,21.4,100281,82.5,0
2019-09-27T06:07:40+02:00,4.5,8.1,21.4,100293,82.5,0
2019-09-27T06:08:34+02:00,4.6,7.9,21.4,100282,82.5,0
2019-09-27T06:09:28+02:00,4.6,8.6,21.4,100292,82.5,0
2019-09-27T06:10:22+02:00,4.6,8.5,21.4,100288,82.5,0
2019-09-27T06:11:16+02:00,4.6,8.4,21.4,100273,82.5,0
2019-09-27T06:12:11+02:00,4.6,8.4,21.4,100293,82.6,0
2019-09-27T06:13:05+02:00,4.6,8.6,21.3,100298,82.6,0
2019-09-27T06:13:59+02:00,4.6,8.4,21.3,100302,82.5,0
2019-09-27T06:14:53+02:00,4.6,8.9,21.3,100296,82.4,0
2019-09-27T06:15:47+02:00,4.6,8.8,21.3,100299,82.4,0
2019-09-27T06:16:41+02:00,4.6,8.8,21.4,100301,82.4,0
2019-09-27T06:17:35+02:00,4.6,9.1,21.4,100298,82.4,0
2019-09-27T06:18:29+02:00,4.6,9.2,21.4,100298,82.4,0
2019-09-27T06:19:23+02:00,4.6,9,21.4,100299,82.4,0
2019-09-27T06:20:17+02:00,4.6,9.1,21.4,100296,82.3,0
2019-09-27T06:21:11+02:00,4.6,8.7,21.3,100293,82.3,0
2019-09-27T06:22:05+02:00,4.7,8.8,21.3,100296,82.3,0
2019-09-27T06:22:59+02:00,4.7,8.9,21.3,100296,82.4,0
2019-09-27T06:23:53+02:00,4.7,8.9,21.2,100293,82.4,0
2019-09-27T06:24:47+02:00,4.6,8.8,21.2,100293,82.4,0
2019-09-27T06:25:41+02:00,4.7,8.9,21.2,100297,82.3,0
2019-09-27T06:26:35+02:00,4.7,9.5,21.2,100296,82.3,0
2019-09-27T06:27:29+02:00,4.6,9.6,21.2,100297,82.3,0
2019-09-27T06:28:23+02:00,4.6,9.6,21.3,100290,82.3,0
2019-09-27T06:29:17+02:00,4.5,8.9,21.3,100299,82.2,0
2019-09-27T06:30:11+02:00,4.6,9.3,21.3,100296,82.2,0
2019-09-27T06:31:05+02:00,4.6,8.8,21.2,100300,82.2,0
2019-09-27T06:31:59+02:00,4.6,8.9,21.2,100299,82.2,0
2019-09-27T06:32:53+02:00,4.6,8.9,21.1,100305,82.2,0
2019-09-27T06:33:47+02:00,4.6,9,21,100312,82.2,0
2019-09-27T06:34:41+02:00,4.6,8.8,20.9,100309,82.2,0
2019-09-27T06:35:35+02:00,4.5,8.7,20.9,100305,82.1,0
2019-09-27T06:36:29+02:00,4.6,8.8,20.8,100306,82.1,0
2019-09-27T06:37:23+02:00,4.6,8.8,20.9,100305,82.1,0
2019-09-27T06:38:16+02:00,4.6,8.9,20.9,100299,82.2,0
2019-09-27T06:39:10+02:00,4.6,9.4,20.9,100300,82.2,0
2019-09-27T06:40:04+02:00,4.6,9.2,20.9,100294,82.1,0
2019-09-27T06:40:58+02:00,4.7,9.6,20.9,100302,82.1,0
2019-09-27T06:41:52+02:00,4.7,9.2,20.8,100302,82.1,0
2019-09-27T06:42:46+02:00,4.7,9.4,20.7,100297,82,0
2019-09-27T06:43:40+02:00,4.6,9.8,20.6,100302,82,0
2019-09-27T06:44:34+02:00,4.6,10,20.7,100299,82,0
2019-09-27T06:45:28+02:00,4.6,11.1,20.7,100303,82.1,0
2019-09-27T06:46:22+02:00,4.6,11.4,20.6,100307,82.1,0
2019-09-27T06:47:16+02:00,4.6,11.3,20.6,100302,82.2,0
2019-09-27T06:48:10+02:00,4.6,11,20.7,100299,82.2,0
2019-09-27T06:49:04+02:00,4.6,10.9,20.8,100297,82.1,0
2019-09-27T06:49:58+02:00,4.7,11,20.8,100306,82.1,0
2019-09-27T06:50:53+02:00,4.6,10.8,20.9,100299,82.1,0
2019-09-27T06:51:46+02:00,4.7,10.9,20.9,100300,82,0
2019-09-27T06:55:19+02:00,5.4,8.6,21,100303,82,0
2019-09-27T06:56:13+02:00,5.4,8.6,21,100308,82,0
2019-09-27T06:57:07+02:00,5.4,8.7,21,100302,82,0
2019-09-27T06:58:01+02:00,5.4,9.1,21,100312,82,0
2019-09-27T06:58:55+02:00,5.5,9.9,20.9,100306,81.9,0
2019-09-27T06:59:49+02:00,5.5,10.4,20.9,100311,81.9,0
2019-09-27T07:00:43+02:00,5.5,10.2,20.9,100314,81.9,0
2019-09-27T07:01:37+02:00,5.6,10.3,20.9,100315,81.9,0
2019-09-27T07:02:32+02:00,5.6,10.4,20.9,100312,81.9,0
2019-09-27T07:03:26+02:00,5.5,10.3,21,100312,81.9,0
2019-09-27T07:04:20+02:00,5.5,9.6,21,100320,82,0
2019-09-27T07:05:14+02:00,5.5,9.8,21,100320,82,0
2019-09-27T07:06:08+02:00,5.5,9.9,21,100315,82,0
2019-09-27T07:07:02+02:00,5.6,10.3,21,100315,82,0
2019-09-27T07:07:56+02:00,5.6,10.4,21,100318,82,0
2019-09-27T07:08:50+02:00,5.5,10.5,21,100321,82,0
2019-09-27T07:09:44+02:00,5.7,10.9,21,100324,82.1,0
2019-09-27T07:10:38+02:00,5.6,10.7,20.9,100326,82.1,0
2019-09-27T07:11:32+02:00,5.6,10,20.9,100330,82.1,0
2019-09-27T07:12:26+02:00,5.6,9.8,20.8,100331,82.1,0
2019-09-27T07:13:20+02:00,5.6,10.3,20.7,100321,82.1,0
2019-09-27T07:14:14+02:00,5.7,10.2,20.6,100325,82.1,0
2019-09-27T07:15:08+02:00,5.7,10.5,20.6,100334,82.1,0
2019-09-27T07:16:02+02:00,5.6,10.4,20.6,100330,82.2,0
2019-09-27T07:16:56+02:00,5.7,10.5,20.7,100330,82.2,0
2019-09-27T07:17:50+02:00,5.7,10.7,20.8,100336,82.2,0
2019-09-27T07:18:44+02:00,5.7,11,20.8,100348,82.2,0
2019-09-27T07:19:38+02:00,5.6,10.7,20.9,100341,82.2,0
2019-09-27T07:20:32+02:00,5.6,10.4,20.9,100342,82.2,0
2019-09-27T07:21:26+02:00,5.5,10.3,20.9,100347,82.2,0
2019-09-27T07:22:20+02:00,5.6,10.5,20.8,100338,82.2,0
2019-09-27T07:23:14+02:00,5.6,10.4,20.7,100342,82.3,0
2019-09-27T07:24:08+02:00,5.5,10.8,20.6,100344,82.3,0
2019-09-27T07:25:02+02:00,5.5,10.3,20.7,100339,82.3,0
2019-09-27T07:25:56+02:00,5.5,9.7,20.7,100353,82.3,0
2019-09-27T07:26:50+02:00,5.4,8.9,20.7,100348,82.2,0
2019-09-27T07:27:44+02:00,5.4,9.4,20.7,100350,82.2,0
2019-09-27T07:28:38+02:00,5.3,9.3,20.7,100353,82.2,0
2019-09-27T07:29:32+02:00,5.3,9.5,20.7,100339,82.2,0
2019-09-27T07:30:26+02:00,5.4,9.5,20.7,100345,82.2,0
2019-09-27T07:31:20+02:00,5.4,10,20.7,100353,82.2,0
2019-09-27T07:32:14+02:00,5.4,10.3,20.7,100345,82.2,0
2019-09-27T07:33:08+02:00,5.5,10.2,20.7,100345,82.3,0
2019-09-27T07:34:02+02:00,5.4,9.8,20.6,100350,82.3,0
2019-09-27T07:34:56+02:00,5.4,9.5,20.6,100350,82.3,0
2019-09-27T07:35:50+02:00,5.4,9.6,20.6,100357,82.3,0
2019-09-27T07:36:44+02:00,5.4,10,20.6,100354,82.4,0
2019-09-27T07:37:38+02:00,5.5,10,20.6,100357,82.4,0
2019-09-27T07:38:32+02:00,5.5,10.4,20.6,100353,82.4,0
2019-09-27T07:39:26+02:00,5.5,11.1,20.6,100357,82.4,0
2019-09-27T07:40:20+02:00,5.4,10.7,20.7,100351,82.3,0
2019-09-27T07:41:14+02:00,5.4,10.9,20.7,100350,82.3,0
2019-09-27T07:42:08+02:00,5.5,10.7,20.7,100357,82.3,0
2019-09-27T07:43:02+02:00,5.6,10.7,20.8,100354,82.3,0
2019-09-27T07:43:56+02:00,5.6,10.6,20.8,100371,82.3,0
2019-09-27T07:44:50+02:00,5.6,10.7,20.8,100357,82.3,0
2019-09-27T07:45:44+02:00,5.5,10.5,20.8,100359,82.3,0
2019-09-27T07:46:38+02:00,5.5,10.6,20.9,100369,82.2,0
2019-09-27T07:47:32+02:00,5.5,10.8,20.9,100362,82.2,0
2019-09-27T07:48:26+02:00,5.5,11.5,20.9,100360,82.2,0
2019-09-27T07:49:20+02:00,5.6,11.5,20.9,100366,82.2,0
2019-09-27T07:50:14+02:00,5.7,11.7,21,100363,82.2,0
2019-09-27T07:51:08+02:00,5.7,11.3,21,100366,82.2,0
2019-09-27T07:52:02+02:00,5.7,11.2,21,100371,82.5,0
2019-09-27T07:52:56+02:00,5.7,11.1,21,100362,82.5,0
2019-09-27T07:53:50+02:00,5.8,11.4,21,100359,82.5,0
2019-09-27T07:54:44+02:00,5.8,10.9,21,100371,82.5,0
2019-09-27T07:55:38+02:00,5.8,11,21,100371,82.5,0
2019-09-27T07:56:32+02:00,5.8,11.6,21.1,100371,82.5,0
2019-09-27T07:57:26+02:00,5.8,11.8,21.1,100384,82.5,0
2019-09-27T07:58:19+02:00,5.7,11.5,21,100381,82.6,0
2019-09-27T07:59:13+02:00,5.7,11.2,21,100386,82.6,0
2019-09-27T08:00:07+02:00,5.7,11.2,21,100380,82.6,0
2019-09-27T08:01:01+02:00,5.8,11,21,100384,82.6,0
2019-09-27T08:01:55+02:00,5.8,11.2,21,100389,82.6,0
2019-09-27T08:02:49+02:00,5.7,11.3,21,100386,82.6,0
2019-09-27T08:03:43+02:00,5.7,10.6,21,100389,82.7,0
2019-09-27T08:04:37+02:00,5.7,10.8,21,100392,82.7,0
2019-09-27T08:05:31+02:00,5.8,10.4,21,100381,82.7,0
2019-09-27T08:06:25+02:00,5.8,9.9,21,100378,82.7,0
2019-09-27T08:07:19+02:00,5.8,10,21,100383,82.7,0
2019-09-27T08:08:13+02:00,5.8,9.8,21,100381,82.7,0
2019-09-27T08:09:07+02:00,5.7,9.7,21,100383,82.7,0
2019-09-27T08:10:01+02:00,5.7,9.8,21.1,100396,82.6,0
2019-09-27T08:10:55+02:00,5.7,10,21,100386,82.6,0
2019-09-27T08:11:49+02:00,5.7,9.6,21,100383,82.6,0
2019-09-27T08:12:43+02:00,5.7,9.5,21,100389,82.6,0
2019-09-27T08:13:36+02:00,5.8,9.5,21,100392,82.6,0
2019-09-27T08:21:54+02:00,4.5,8.4,21.1,100386,82.6,0
2019-09-27T08:22:48+02:00,4.5,8.4,21,100386,82.7,0
2019-09-27T08:23:42+02:00,4.6,8.5,21,100392,82.7,0
2019-09-27T08:24:36+02:00,4.5,8.4,21,100386,82.7,0
2019-09-27T08:25:30+02:00,4.6,9.4,21,100383,82.7,0
2019-09-27T08:26:24+02:00,4.7,9.9,21,100383,82.7,0
2019-09-27T08:27:18+02:00,4.6,9.8,21,100390,82.7,0
2019-09-27T08:28:12+02:00,4.7,10.4,21,100387,82.7,0
2019-09-27T08:29:06+02:00,4.6,10.4,20.9,100389,82.7,0
2019-09-27T08:30:00+02:00,4.7,10.5,20.9,100394,82.7,0
2019-09-27T08:30:54+02:00,4.7,10.6,20.8,100387,82.8,0
2019-09-27T08:31:48+02:00,4.6,10.5,20.8,100381,82.8,0
2019-09-27T08:32:42+02:00,4.6,10.5,20.8,100396,82.8,0
2019-09-27T08:33:36+02:00,4.6,10.6,20.8,100391,82.8,0
2019-09-27T08:34:30+02:00,4.7,10.9,20.8,100393,82.8,0
2019-09-27T08:35:24+02:00,4.6,10.8,20.8,100393,82.7,0
2019-09-27T08:36:18+02:00,4.6,10,20.8,100391,82.7,0
2019-09-27T08:37:12+02:00,4.6,10,20.8,100393,82.8,0
2019-09-27T08:38:06+02:00,4.5,9.9,20.8,100387,82.8,0
2019-09-27T08:39:00+02:00,4.7,9.9,20.8,100390,82.8,0
2019-09-27T08:39:54+02:00,4.7,9.4,20.8,100391,82.8,0
2019-09-27T08:40:48+02:00,4.7,10,20.8,100387,82.8,0
2019-09-27T08:41:42+02:00,4.8,10.3,20.8,100391,82.8,0
2019-09-27T08:42:36+02:00,4.7,10.2,20.8,100384,82.9,0
2019-09-27T08:43:30+02:00,4.7,10.1,20.7,100376,82.9,0
2019-09-27T08:44:24+02:00,4.6,9.5,20.7,100385,82.9,0
2019-09-27T08:45:18+02:00,4.6,9.6,20.7,100384,82.9,0
2019-09-27T08:46:12+02:00,4.6,9.4,20.6,100379,82.9,0
2019-09-27T08:47:06+02:00,4.6,9.7,20.5,100376,82.9,0
2019-09-27T08:48:00+02:00,4.6,9.8,20.5,100382,82.9,0
2019-09-27T08:48:54+02:00,4.6,9.9,20.4,100379,82.9,0
2019-09-27T08:49:48+02:00,4.7,10,20.4,100388,83,0
2019-09-27T08:50:42+02:00,4.7,10.1,20.3,100384,83,0
2019-09-27T08:51:36+02:00,4.7,10.2,20.3,100387,83,0
2019-09-27T08:52:30+02:00,4.7,9.4,20.4,100385,83,0
2019-09-27T08:53:24+02:00,4.7,9.6,20.4,100388,83,0
2019-09-27T08:54:18+02:00,4.7,9.6,20.4,100384,83,0
2019-09-27T08:55:12+02:00,4.7,9,20.4,100385,83,0
2019-09-27T08:56:06+02:00,4.8,9.5,20.5,100373,83,0
2019-09-27T08:57:00+02:00,4.8,10.6,20.5,100378,83,0
2019-09-27T08:57:54+02:00,4.9,10.7,20.6,100379,82.9,0
2019-09-27T08:58:48+02:00,5,10.7,20.6,100384,82.9,0
2019-09-27T08:59:42+02:00,5,10.9,20.7,100388,82.9,0
2019-09-27T09:00:36+02:00,4.9,10.8,20.7,100378,82.9,0
2019-09-27T09:01:30+02:00,5,10.5,20.8,100384,82.9,0
2019-09-27T09:02:23+02:00,4.9,10.2,20.8,100385,82.9,0
2019-09-27T09:03:17+02:00,4.9,10.2,20.8,100385,82.8,0
2019-09-27T09:04:11+02:00,5,10.3,20.8,100383,82.8,0
2019-09-27T09:05:05+02:00,5,11.4,20.8,100383,82.8,0
2019-09-27T09:05:59+02:00,4.9,11.1,20.9,100391,82.8,0
2019-09-27T09:06:53+02:00,4.9,11,20.9,100387,82.8,0
2019-09-27T09:07:47+02:00,4.9,10.4,20.9,100387,82.9,0
2019-09-27T09:08:41+02:00,4.8,9.7,20.9,100390,82.9,0
2019-09-27T09:09:35+02:00,4.8,10.3,20.8,100386,82.9,0
2019-09-27T09:10:29+02:00,4.8,10.4,20.8,100391,82.9,0
2019-09-27T09:11:23+02:00,4.9,10.5,20.8,100384,83,0
2019-09-27T09:12:17+02:00,4.9,10.2,20.8,100390,83,0
2019-09-27T09:13:11+02:00,4.9,10.3,20.8,100385,83,0
2019-09-27T09:14:05+02:00,4.9,10,20.8,100388,83,0
2019-09-27T09:14:59+02:00,4.9,10.1,20.9,100393,83,0
2019-09-27T09:15:53+02:00,4.8,10,20.9,100386,83,0
2019-09-27T09:16:47+02:00,4.8,10.6,20.8,100391,83,0
2019-09-27T09:17:41+02:00,4.8,11.1,20.8,100388,83,0
2019-09-27T09:18:35+02:00,4.8,11,20.7,100393,83.1,0
2019-09-27T09:19:29+02:00,4.8,12.2,20.7,100396,83.1,0
2019-09-27T09:20:23+02:00,4.7,11.6,20.6,100397,83.1,0
2019-09-27T09:21:17+02:00,4.8,11.7,20.6,100400,83.1,0
2019-09-27T09:22:11+02:00,4.8,12.8,20.5,100400,83.1,0
2019-09-27T09:23:05+02:00,4.8,12.6,20.5,100399,83.1,0
2019-09-27T09:23:59+02:00,4.9,11.9,20.5,100393,83.1,0
2019-09-27T09:24:53+02:00,4.8,11.8,20.5,100394,83.2,0
2019-09-27T09:25:47+02:00,4.8,11.7,20.5,100399,83.2,0
2019-09-27T09:26:41+02:00,4.7,11.6,20.5,100402,83.2,0
2019-09-27T09:27:35+02:00,4.7,11.9,20.5,100400,83.2,0
2019-09-27T09:28:29+02:00,4.7,12,20.6,100403,83.2,0
2019-09-27T09:29:23+02:00,4.7,12.6,20.6,100405,83.2,0
2019-09-27T09:30:17+02:00,4.8,12.7,20.7,100393,83.1,0
2019-09-27T09:31:11+02:00,4.8,12.7,20.7,100405,83.1,0
2019-09-27T09:32:05+02:00,4.8,12.1,20.7,100400,83.1,0
2019-09-27T09:32:59+02:00,4.8,12.1,20.8,100405,83.1,0
2019-09-27T09:33:53+02:00,4.8,12.1,20.8,100405,83.1,0
2019-09-27T09:34:47+02:00,4.8,12.1,20.8,100400,83.2,0
2019-09-27T09:35:41+02:00,4.9,12.5,20.7,100400,83.2,0
2019-09-27T09:36:35+02:00,4.8,11.8,20.6,100406,83.3,0
2019-09-27T09:37:29+02:00,4.8,12,20.6,100393,83.3,0
2019-09-27T09:38:23+02:00,4.8,12,20.7,100402,83.3,0
2019-09-27T09:39:17+02:00,4.8,12.4,20.7,100399,83.3,0
2019-09-27T09:40:11+02:00,4.8,12.9,20.6,100394,83.2,0
2019-09-27T09:41:05+02:00,4.9,13.3,20.6,100408,83.2,0
2019-09-27T09:41:59+02:00,4.9,13.6,20.7,100409,83.2,0
2019-09-27T09:42:53+02:00,4.9,13.7,20.7,100405,83.2,0
2019-09-27T09:43:47+02:00,4.9,13.7,20.7,100406,83.3,0
2019-09-27T09:44:41+02:00,4.9,13.4,20.8,100406,83.2,0
2019-09-27T09:45:35+02:00,4.9,13.5,20.8,100411,83.1,0
2019-09-27T09:46:29+02:00,4.9,12.3,20.8,100406,83.1,0
2019-09-27T09:47:23+02:00,4.9,12.3,20.8,100414,83.1,0
2019-09-27T09:48:17+02:00,4.9,12.2,20.8,100415,83.1,0
2019-09-27T09:49:11+02:00,4.9,11,20.8,100406,83.2,0
2019-09-27T09:50:05+02:00,4.8,10.8,20.8,100408,83.2,0
2019-09-27T09:50:58+02:00,4.8,10.4,20.8,100411,83.2,0
2019-09-27T09:51:52+02:00,4.7,10.2,20.8,100402,83.2,0
2019-09-27T09:52:46+02:00,4.7,10.3,20.8,100409,83.2,0
2019-09-27T09:53:40+02:00,4.7,10.3,20.8,100402,83.1,0
2019-09-27T09:54:34+02:00,4.8,10.2,20.8,100415,83.1,0
2019-09-27T09:55:28+02:00,4.9,10.6,20.8,100403,83.1,0
2019-09-27T09:56:22+02:00,4.9,10.3,20.7,100414,83.1,0
2019-09-27T09:57:16+02:00,4.9,10.3,20.6,100406,83.1,0
2019-09-27T09:58:10+02:00,4.9,10.2,20.6,100402,83,0
2019-09-27T09:59:04+02:00,4.9,9.7,20.5,100416,83,0
2019-09-27T09:59:58+02:00,4.9,9.7,20.5,100416,83,0
2019-09-27T10:00:52+02:00,4.9,10,20.5,100419,83,0
2019-09-27T10:01:46+02:00,4.9,10,20.5,100424,83,0
2019-09-27T10:02:40+02:00,4.9,9.6,20.5,100412,82.9,0
2019-09-27T10:03:34+02:00,4.9,9.9,20.5,100425,82.9,0
2019-09-27T10:04:28+02:00,4.9,9.6,20.6,100411,82.9,0
2019-09-27T10:05:22+02:00,5,9.6,20.6,100425,82.9,0
2019-09-27T10:06:16+02:00,4.9,9,20.6,100425,82.9,0
2019-09-27T10:07:10+02:00,4.9,8.5,20.7,100422,82.9,0
2019-09-27T10:08:03+02:00,4.8,8.1,20.7,100417,82.9,0
2019-09-27T10:08:57+02:00,4.8,7.7,20.7,100423,82.9,0
2019-09-27T10:09:51+02:00,4.9,8,20.8,100435,83,0
2019-09-27T10:10:45+02:00,4.9,7.3,20.8,100420,83,0
2019-09-27T10:11:39+02:00,5,7,20.8,100429,83,0
2019-09-27T10:12:33+02:00,5,7.1,20.8,100429,82.8,0
2019-09-27T10:13:27+02:00,5.1,7.4,20.8,100435,82.8,0
2019-09-27T10:14:21+02:00,5.1,8,20.8,100424,82.8,0
2019-09-27T10:15:15+02:00,5.1,8.4,20.8,100417,82.8,0
2019-09-27T10:16:09+02:00,5.2,9.1,20.8,100420,82.7,0
2019-09-27T10:17:03+02:00,5.2,9.1,20.7,100426,82.7,0
2019-09-27T10:17:57+02:00,5.2,9.1,20.8,100426,82.7,0
2019-09-27T10:18:51+02:00,5.2,9.3,20.8,100430,82.7,0
2019-09-27T10:19:45+02:00,5.2,9.3,20.8,100432,82.7,0
2019-09-27T10:20:39+02:00,5.2,10.1,20.8,100429,82.7,0
2019-09-27T10:21:32+02:00,5.2,10.7,20.8,100436,82.8,0
2019-09-27T10:22:26+02:00,5.1,10.1,20.8,100424,82.8,0
2019-09-27T10:23:20+02:00,5.1,10.4,20.9,100435,82.8,0
2019-09-27T10:24:14+02:00,5,10.2,20.9,100424,82.8,0
2019-09-27T10:25:08+02:00,5.1,10.2,20.9,100432,82.8,0
2019-09-27T10:26:02+02:00,5.1,10.7,20.9,100438,82.8,0
2019-09-27T10:26:56+02:00,5.1,10.7,21,100439,82.9,0
2019-09-27T10:27:50+02:00,5.1,10.6,21,100441,82.9,0
2019-09-27T10:28:44+02:00,5.1,10.9,21,100436,82.9,0
2019-09-27T10:29:38+02:00,5.1,11.6,21,100442,82.9,0
2019-09-27T10:30:32+02:00,5.1,12,21.1,100430,82.9,0
2019-09-27T10:31:26+02:00,5.1,12.2,21.1,100439,82.9,0
2019-09-27T10:32:20+02:00,5.2,12.3,21.1,100442,82.9,0
2019-09-27T10:33:14+02:00,5.3,12.4,21.1,100444,82.9,0
2019-09-27T10:34:08+02:00,5.2,12.3,21.1,100439,82.9,0
2019-09-27T10:35:02+02:00,5.2,12.2,21.1,100441,83,0
2019-09-27T10:35:56+02:00,5.2,12.1,21.1,100447,83,0
2019-09-27T10:36:50+02:00,5,11.7,21.1,100447,83,0
2019-09-27T10:37:44+02:00,5.1,11.6,21.2,100451,83,0
2019-09-27T10:38:38+02:00,5,12.5,21.2,100450,83,0
2019-09-27T10:39:32+02:00,4.9,12.4,21.2,100453,83,0
2019-09-27T10:40:26+02:00,5,12.6,21.2,100454,71,0
2019-09-27T10:41:20+02:00,4.9,12.2,21.3,100451,71,0
2019-09-27T10:42:14+02:00,4.9,11.7,21.3,100450,71,0
2019-09-27T10:43:08+02:00,4.9,11.3,21.3,100451,71.1,0
2019-09-27T10:44:02+02:00,4.9,11.4,21.3,100456,71.1,0
2019-09-27T10:44:56+02:00,4.9,11.4,21.3,100453,71,0
2019-09-27T10:45:50+02:00,4.9,11.6,21.3,100450,71,0
2019-09-27T10:46:44+02:00,4.9,11.8,21.3,100448,71.1,0
2019-09-27T10:47:38+02:00,4.9,11.7,21.4,100454,71,0
2019-09-27T10:48:32+02:00,4.9,11.1,21.4,100449,70.9,0
2019-09-27T10:49:26+02:00,4.9,11.3,21.4,100456,70.9,0
2019-09-27T10:50:20+02:00,5,11,21.5,100447,70.9,0
2019-09-27T10:51:14+02:00,4.9,11,21.5,100447,71,0
2019-09-27T10:52:08+02:00,5,11.3,21.5,100458,70.9,0
2019-09-27T10:53:02+02:00,5,10.8,21.5,100443,70.9,0
2019-09-27T10:53:56+02:00,5,11,21.5,100450,70.8,0
2019-09-27T10:54:50+02:00,4.9,11.3,21.5,100458,70.8,0
2019-09-27T10:55:44+02:00,4.9,11.1,21.5,100449,70.8,0
2019-09-27T10:56:37+02:00,4.9,10.8,21.6,100449,70.8,0
2019-09-27T10:57:31+02:00,4.9,10.3,21.6,100461,70.9,0
2019-09-27T10:58:25+02:00,4.9,10.6,21.6,100456,70.8,0
2019-09-27T10:59:19+02:00,4.8,10.6,21.6,100465,70.7,0
2019-09-27T11:00:13+02:00,4.8,10.6,21.6,100465,70.7,0
2019-09-27T11:43:29+02:00,8.8,15.1,22.2,100489,70.7,0
2019-09-27T11:44:23+02:00,8.8,15,22.3,100484,70.8,0
2019-09-27T11:45:17+02:00,8.9,14.6,22.5,100478,70.9,0
2019-09-27T11:46:11+02:00,8.9,14.6,22.5,100490,70.8,0
2019-09-27T11:47:05+02:00,8.8,14.7,22.5,100493,70.7,0
2019-09-27T11:47:59+02:00,8.9,14.6,22.4,100492,70.7,0
2019-09-27T11:49:27+02:00,8.3,12.7,22.4,100484,70.6,0
2019-09-27T11:50:21+02:00,8.3,12.4,22.4,100475,70.6,0
2019-09-27T11:51:15+02:00,8.3,12.2,22.4,100476,70.6,0
2019-09-27T11:52:09+02:00,8.2,12.6,22.5,100478,70.6,0
2019-09-27T11:53:03+02:00,8.2,12.5,22.4,100478,70.7,0
2019-09-27T11:53:57+02:00,8.2,12.5,22.5,100483,70.8,0
2019-09-27T11:54:51+02:00,8.1,12,22.6,100483,70.7,0
2019-09-27T11:55:45+02:00,8,11.9,22.6,100474,70.6,0
2019-09-27T11:56:39+02:00,8,11.9,22.7,100477,70.6,0
2019-09-27T11:57:46+02:00,8.4,15.7,22.7,100469,70.5,0
2019-09-27T11:58:40+02:00,8.2,15.4,22.7,100472,70.5,0
2019-09-27T11:59:34+02:00,8.1,15.3,22.8,100479,70.5,0
2019-09-27T12:00:25+02:00,8.1,13.9,22.9,100468,70.5,0
2019-09-27T12:01:19+02:00,8.2,13.8,22.8,100477,70.6,0
2019-09-27T12:02:13+02:00,8.2,13.9,22.7,100480,70.5,0
2019-09-27T12:03:07+02:00,8.2,13.9,22.6,100474,70.6,0
2019-09-27T12:04:01+02:00,8.2,12.6,22.7,100475,70.5,0
2019-09-27T12:04:55+02:00,8.2,13,22.7,100469,70.5,0
2019-09-27T12:05:49+02:00,8.3,12.7,22.8,100479,70.4,0
2019-09-27T12:06:43+02:00,8.3,12.8,22.7,100471,70.4,0
2019-09-27T12:07:37+02:00,8.4,13.1,22.7,100475,70.4,0
2019-09-27T12:08:31+02:00,8.4,12.8,22.6,100480,70.4,0
2019-09-27T12:09:25+02:00,8.4,13.5,22.6,100475,70.5,0
2019-09-27T12:10:19+02:00,8.4,13.5,22.5,100474,70.4,0
2019-09-27T12:11:13+02:00,8.5,13.8,22.5,100463,70.4,0
2019-09-27T12:12:07+02:00,8.5,13.6,22.5,100475,70.3,0
2019-09-27T12:13:01+02:00,8.5,14,22.4,100475,70.3,0
2019-09-27T12:13:55+02:00,8.5,14.3,22.3,100470,70.3,0
2019-09-27T12:40:52+02:00,8.5,16,22.5,100456,70.4,0
2019-09-27T12:41:50+02:00,8.9,14.6,22.5,100460,70.5,0
2019-09-27T12:42:44+02:00,8.9,14.4,22.5,100460,70.4,0
2019-09-27T12:43:38+02:00,8.9,14.4,22.5,100468,70.3,0
2019-09-27T13:16:42+02:00,12.8,20.1,22.5,100459,70.3,1
2019-09-27T13:17:39+02:00,12.9,20.2,22.5,100451,70.2,1
2019-09-27T13:18:36+02:00,13,20.4,22.5,100460,70.2,1
2019-09-27T13:22:45+02:00,12.2,18.6,22.5,100445,70.2,0
2019-09-27T13:24:47+02:00,11.7,19.2,22.5,100448,70.2,0
2019-09-27T13:26:20+02:00,10.8,17.5,22.4,100451,70.2,0
2019-09-27T13:27:29+02:00,10.8,13.9,22.4,100454,70.1,0
2019-09-27T13:29:25+02:00,10.6,16.8,22.4,100456,70.1,0
2019-09-27T13:34:53+02:00,9.8,15.1,22.5,100456,70.1,0
2019-09-27T13:36:57+02:00,9.9,15.4,22.6,100448,70.1,0
2019-09-27T13:40:29+02:00,9.9,15.3,22.6,100445,70.2,0
2019-09-27T13:52:18+02:00,9.8,13,22.8,100454,70.1,0
2019-09-27T13:54:08+02:00,9.7,13.2,22.8,100442,70.1,0
2019-09-27T13:55:47+02:00,10,14,22.8,100444,70,0
2019-09-27T14:00:52+02:00,9.3,14.1,22.9,100441,70,0
2019-09-27T14:08:55+02:00,8,12.7,22.9,100437,70,0
2019-09-27T14:11:16+02:00,8.4,14.1,22.9,100437,69.9,0
2019-09-27T14:13:20+02:00,8.4,15.1,23,100437,69.9,0
2019-09-27T14:16:52+02:00,8.5,12,23,100435,70,0
2019-09-27T14:20:44+02:00,7.9,12.6,23,100417,70.1,0
2019-09-27T14:30:01+02:00,7.9,12.7,23.1,100417,70,0
2019-09-27T14:32:27+02:00,7.7,11.5,23.1,100408,70,0
2019-09-27T14:33:47+02:00,7.9,12.4,23.1,100402,69.9,0
2019-09-27T14:37:16+02:00,7.8,11.4,23.1,100408,69.9,0
2019-09-27T15:49:11+02:00,5.4,10.9,23.4,100356,69.9,0
2019-09-27T15:53:25+02:00,4.3,6.8,23.6,100353,69.8,0
2019-09-27T20:01:52+02:00,4.3,6.8,23.6,100353,69.8,0
2019-09-27T21:49:15+02:00,11.9,18.1,23.1,100461,69.8,0
2019-09-28T18:37:13+02:00,13.3,15.5,25.4,100487,65,1
2019-09-28T18:38:10+02:00,13.2,15.2,25.3,100485,65,1
2019-09-28T18:39:07+02:00,13,14.7,25.3,100489,65.1,1
2019-09-28T18:40:04+02:00,12.9,15.5,25.3,100484,65,1
2019-09-28T18:41:01+02:00,12.8,15.1,25.3,100484,65.1,1
2019-09-28T18:41:58+02:00,12.8,15.1,25.3,100490,65.1,1
2019-09-28T18:42:55+02:00,12.6,15.2,25.3,100490,65.1,1
2019-09-28T18:43:52+02:00,12.5,14.5,25.3,100490,64.9,1
2019-09-28T18:44:49+02:00,12.5,14.3,25.2,100492,64.9,1
2019-09-28T18:45:46+02:00,12.5,14,25.3,100493,64.9,1
2019-09-28T18:46:44+02:00,12.4,13.9,25.3,100492,64.8,1
2019-09-28T18:47:41+02:00,12.3,13.8,25.3,100490,64.9,1
2019-09-28T18:48:38+02:00,12.3,13.9,25.3,100495,64.8,1
2019-09-28T18:49:35+02:00,12.4,14,25.3,100504,64.8,1
2019-09-28T18:50:32+02:00,12.4,14,25.3,100493,64.9,1
2019-09-28T18:51:29+02:00,12.4,14,25.2,100495,64.9,1
2019-09-28T18:52:26+02:00,12.4,13.9,25.2,100492,64.9,1
2019-09-28T18:53:23+02:00,12.4,13.9,25.2,100510,64.8,1
2019-09-28T18:54:20+02:00,12.5,14,25.2,100498,64.9,1
2019-09-28T18:55:17+02:00,12.5,14.2,25.2,100507,64.9,1
2019-09-28T18:56:14+02:00,12.6,14.6,25.2,100501,64.8,1
2019-09-28T18:57:11+02:00,12.6,15.2,25.2,100507,64.8,1
2019-09-28T18:58:07+02:00,12.5,15.1,25.2,100507,64.8,1
2019-09-28T18:59:04+02:00,12.6,15,25.2,100505,64.7,1
2019-09-28T19:00:01+02:00,12.5,14.9,25.2,100499,64.7,1
2019-09-28T19:00:58+02:00,12.6,15,25.2,100505,64.7,1
2019-09-28T19:01:55+02:00,12.5,14.5,25.2,100511,64.7,1
2019-09-28T19:02:52+02:00,12.5,15.1,25.2,100505,64.7,1
2019-09-28T19:03:49+02:00,12.4,14.8,25.2,100513,64.7,1
2019-09-28T19:04:46+02:00,12.5,15,25.2,100511,64.6,1
2019-09-28T19:05:43+02:00,12.6,15.1,25.2,100495,64.6,1
2019-09-28T19:06:40+02:00,12.7,15.1,25.2,100501,64.6,1
2019-09-28T19:07:37+02:00,12.8,15.3,25.2,100489,64.7,1
2019-09-28T19:08:34+02:00,12.9,14.6,25.2,100498,64.6,1
2019-09-28T19:09:31+02:00,13,15.5,25.3,100499,64.5,1
2019-09-28T19:10:28+02:00,13.1,15.5,25.3,100498,64.5,1
2019-09-28T19:11:25+02:00,13.1,15.4,25.2,100490,64.5,1
2019-09-28T19:12:22+02:00,13.1,15.7,25.2,100498,64.5,1
2019-09-28T19:13:19+02:00,13,15.6,25.2,100495,64.6,1
2019-09-28T19:14:16+02:00,13,15.8,25.2,100502,64.6,1
2019-09-28T19:15:13+02:00,13,15.8,25.2,100496,64.5,1
2019-09-28T19:16:10+02:00,13.1,15.7,25.2,100504,64.5,1
2019-09-28T19:17:07+02:00,13.2,16,25.2,100507,64.4,1
2019-09-28T19:18:04+02:00,13.1,16,25.2,100502,64.4,1
2019-09-28T19:19:01+02:00,13.2,16,25.2,100504,64.4,1
2019-09-28T19:19:58+02:00,13.2,16,25.2,100516,64.4,1
2019-09-28T19:20:55+02:00,13.2,16,25.3,100508,64.4,1
2019-09-28T19:21:52+02:00,13.2,15.9,25.2,100511,64.4,1
2019-09-28T19:22:49+02:00,13.2,16,25.2,100505,64.3,1
2019-09-28T19:23:46+02:00,13.2,15.6,25.2,100511,64.3,1
2019-09-28T19:24:43+02:00,13.1,15.2,25.2,100511,64.3,1
2019-09-28T19:25:40+02:00,13.2,14.8,25.2,100507,64.4,1
2019-09-28T19:26:37+02:00,13.3,15,25.2,100519,64.4,1
2019-09-28T19:27:34+02:00,13.4,15.5,25.2,100507,64.4,1
2019-09-28T19:28:31+02:00,13.4,16,25.2,100511,64.4,1
2019-09-28T19:29:28+02:00,13.4,16.1,25.2,100511,64.3,1
2019-09-28T19:30:25+02:00,13.5,16.1,25.2,100508,64.3,1
2019-09-28T19:31:22+02:00,13.6,15.5,25.2,100510,64.3,1
2019-09-28T19:32:19+02:00,13.6,15.7,25.2,100510,64.3,1
2019-09-28T19:33:16+02:00,13.6,15.7,25.2,100511,64.4,1
2019-09-28T19:34:13+02:00,13.6,15.5,25.2,100510,64.4,1
2019-09-28T19:35:10+02:00,13.5,15.6,25.2,100502,64.3,1
2019-09-28T19:36:07+02:00,13.5,15.6,25.2,100510,64.3,1
2019-09-28T19:37:04+02:00,13.5,15.6,25.2,100507,64.4,1
2019-09-28T19:38:01+02:00,13.5,15.1,25.2,100517,64.3,1
2019-09-28T19:38:58+02:00,13.5,15.1,25.2,100507,64.3,1
2019-09-28T19:39:55+02:00,13.5,15.1,25.2,100507,64.2,1
2019-09-28T19:40:52+02:00,13.4,15,25.2,100507,64.2,1
2019-09-28T19:41:49+02:00,13.4,15,25.2,100502,64.2,1
2019-09-28T19:42:46+02:00,13.5,15.1,25.2,100505,64.3,1
2019-09-28T19:43:43+02:00,13.5,15.1,25.2,100507,64.3,1
2019-09-28T19:44:40+02:00,13.5,15.1,25.1,100511,64.2,1
2019-09-28T19:45:37+02:00,13.4,15,25.2,100507,64.3,1
2019-09-28T19:46:34+02:00,13.4,15,25.2,100499,64.3,1
2019-09-28T19:47:31+02:00,13.3,14.9,25.2,100508,64.2,1
2019-09-28T19:48:28+02:00,13.3,14.9,25.2,100507,64.2,1
2019-09-28T19:49:25+02:00,13.3,14.9,25.2,100502,64.2,1
2019-09-28T19:50:22+02:00,13.3,14.9,25.1,100504,64.2,1
2019-09-28T19:51:19+02:00,13.3,15,25.1,100510,64.1,1
2019-09-28T19:52:16+02:00,13.3,15.1,25.1,100505,64.1,1
2019-09-28T19:53:13+02:00,13.3,15.1,25.1,100511,64.1,1
2019-09-28T19:54:10+02:00,13.2,15.1,25.2,100513,64.1,1
2019-09-28T19:55:07+02:00,13,14.6,25.2,100514,64.2,1
2019-09-28T19:56:04+02:00,13,14.5,25.1,100510,64.2,1
2019-09-28T19:57:01+02:00,13,14.5,25.1,100514,64.1,1
2019-09-28T19:57:57+02:00,13,14.5,25.1,100513,64.2,1
2019-09-28T19:58:54+02:00,13,14.5,25.1,100517,64.1,1
2019-09-28T19:59:51+02:00,13,14.6,25.2,100513,64.1,1
2019-09-28T20:00:48+02:00,13,14.6,25.1,100505,64.1,1
2019-09-28T20:01:45+02:00,13,15,25.2,100507,64,1
2019-09-28T20:02:42+02:00,13,15.3,25.4,100515,64,1
2019-09-28T20:03:39+02:00,13,15.3,25.3,100513,64.1,1
2019-09-28T20:04:36+02:00,13,15.5,25.2,100502,64.1,1
2019-09-28T20:05:33+02:00,13,15.6,25.2,100508,64.2,1
2019-09-28T20:06:30+02:00,13,16,25.2,100510,64.1,1
2019-09-28T20:07:27+02:00,13,16,25.1,100507,64,1
2019-09-28T20:08:24+02:00,13.1,16.2,25.1,100507,64,1
2019-09-28T20:09:21+02:00,13.1,16.5,25.2,100510,64,1
2019-09-28T20:10:18+02:00,13.2,16.7,25.2,100507,64,1
2019-09-28T20:11:15+02:00,13.2,17,25.1,100505,63.9,1
2019-09-28T20:18:11+02:00,13.8,18.4,25.1,100513,63.9,1
2019-09-28T20:19:08+02:00,13.8,18.3,25.2,100507,63.9,1
2019-09-28T20:20:05+02:00,13.8,18,25.2,100511,63.9,1
2019-09-28T20:21:02+02:00,13.7,18,25.2,100505,64,1
2019-09-28T20:21:59+02:00,13.7,18.1,25.1,100508,64,1
2019-09-28T20:22:56+02:00,13.8,18.3,25.1,100511,63.9,1
2019-09-28T20:23:53+02:00,13.9,18.6,25.1,100508,63.8,1
2019-09-28T20:24:50+02:00,13.8,18.4,25.1,100505,63.9,1
2019-09-28T20:25:47+02:00,13.8,18.3,25.1,100517,63.9,1
2019-09-28T20:26:44+02:00,13.8,18.2,25.1,100511,63.8,1
2019-09-28T20:27:41+02:00,13.7,18,25.1,100505,63.8,1
2019-09-28T20:28:38+02:00,13.9,18.2,25.1,100502,63.8,1
2019-09-28T20:29:35+02:00,14.1,18.1,25.1,100505,63.8,1
2019-09-28T20:30:32+02:00,14.2,18,25.1,100502,63.7,1
2019-09-28T20:31:29+02:00,14.1,17.1,25,100505,63.7,1
2019-09-28T20:32:23+02:00,14,16.9,25,100508,63.7,0
2019-09-28T20:33:20+02:00,14.1,17.2,25,100510,63.8,1
2019-09-28T20:34:17+02:00,14.1,17.2,25,100504,63.7,1
2019-09-28T20:35:14+02:00,14.1,17.1,25.1,100508,63.6,1
2019-09-28T20:36:11+02:00,14.1,17.3,25,100505,63.6,1
2019-09-28T20:37:08+02:00,14.1,17,25.1,100511,63.6,1
2019-09-28T20:38:02+02:00,14,16.8,25,100502,63.7,0
2019-09-28T20:38:59+02:00,14,16.9,25.1,100507,63.8,1
2019-09-28T20:39:53+02:00,14,16.3,25,100517,63.7,0
2019-09-28T20:40:50+02:00,14.1,17.8,25,100514,63.6,1
2019-09-28T20:41:47+02:00,14.1,18,25,100514,63.6,1
2019-09-28T20:42:44+02:00,14.2,18,25,100510,63.5,1
2019-09-28T20:43:41+02:00,14.2,17.6,25,100504,63.5,1
2019-09-28T20:44:38+02:00,14.1,17.4,25,100499,63.5,1
2019-09-28T20:45:35+02:00,14.2,17.5,25,100498,63.5,1
2019-09-28T20:46:32+02:00,14.3,17.8,25,100510,63.6,1
2019-09-28T20:47:29+02:00,14.4,18.8,25,100510,63.6,1
2019-09-28T20:48:26+02:00,14.4,19.3,25,100511,63.5,1
2019-09-28T20:49:23+02:00,14.5,19.2,25,100502,63.6,1
2019-09-28T20:50:20+02:00,14.5,19.2,25,100505,63.5,1
2019-09-28T20:51:17+02:00,14.5,18.9,25,100510,63.5,1
2019-09-28T20:52:14+02:00,14.4,19,25,100508,63.5,1
2019-09-28T20:53:11+02:00,14.4,19.2,25,100508,63.4,1
2019-09-28T20:54:08+02:00,14.3,19.1,25,100505,63.4,1
2019-09-28T20:55:05+02:00,14.3,19.4,25,100510,63.4,1
2019-09-28T20:56:02+02:00,14.3,19.5,25,100510,63.4,1
2019-09-28T20:56:59+02:00,14.2,19.3,25,100504,63.5,1
2019-09-28T20:57:53+02:00,14,19.3,25,100513,63.4,0
2019-09-28T20:58:47+02:00,14,19.7,24.9,100510,63.4,0
2019-09-28T20:59:44+02:00,14.1,19.8,24.9,100514,63.5,1
2019-09-28T21:00:41+02:00,14.2,21.2,24.9,100507,63.5,1
2019-09-28T21:01:38+02:00,14.3,21.2,24.9,100510,63.4,1
2019-09-28T21:02:35+02:00,14.3,20.6,24.9,100508,63.3,1
2019-09-28T21:03:32+02:00,14.3,20.7,24.9,100505,63.3,1
2019-09-28T21:04:29+02:00,14.3,21.6,24.9,100501,63.3,1
2019-09-28T21:05:26+02:00,14.3,21.4,24.9,100505,63.3,1
2019-09-28T21:06:23+02:00,14.3,21.6,24.9,100508,63.4,1
2019-09-28T21:07:20+02:00,14.3,22,25.1,100516,63.5,1
2019-09-28T21:08:17+02:00,14.3,22.3,24.7,100508,63.4,1
2019-09-28T21:09:14+02:00,14.3,20.8,24.8,100508,63.3,1
2019-09-28T21:10:12+02:00,14.3,20.7,24.9,100509,63.3,1
2019-09-28T21:11:09+02:00,14.3,20.7,25.2,100513,63.3,1
2019-09-28T21:12:06+02:00,14.3,21,25.2,100507,63.3,1
2019-09-28T21:13:03+02:00,14.4,21.1,25.3,100514,63.4,1
2019-09-28T21:14:00+02:00,14.4,21.3,25.3,100509,63.3,1
2019-09-28T21:14:57+02:00,14.3,21.1,25.2,100514,63.2,1
2019-09-28T21:15:54+02:00,14.4,20.8,25.2,100522,63.2,1
2019-09-28T21:16:51+02:00,14.5,20.5,25.1,100516,63.2,1
2019-09-28T21:17:48+02:00,14.4,20.8,25.1,100516,63.2,1
2019-09-28T21:19:28+02:00,21.8,28.9,25.1,100516,63.3,1
2019-09-28T21:20:25+02:00,21.9,29.2,25,100520,63.3,1
2019-09-28T21:21:22+02:00,22,29.3,25,100528,63.4,1
2019-09-28T21:22:19+02:00,21.8,29.2,24.9,100519,63.3,1
2019-09-28T21:23:16+02:00,21.8,28.7,25.3,100520,63.2,1
2019-09-28T21:24:13+02:00,21.7,27.5,25.4,100522,63.2,1
2019-09-28T21:25:10+02:00,21.7,27.6,25.3,100516,63.2,1
2019-09-28T21:26:08+02:00,21.7,27.2,25.1,100519,63.1,1
2019-09-28T21:27:05+02:00,21.8,27.4,25.1,100519,63.1,1
2019-09-28T21:28:02+02:00,21.8,27.1,25,100513,63.1,1
2019-09-28T21:28:59+02:00,21.8,26.8,25,100517,63.1,1
2019-09-28T21:29:56+02:00,21.8,27.3,24.9,100522,63,1
2019-09-28T21:30:53+02:00,21.9,27.4,25,100525,63,1
2019-09-28T21:31:50+02:00,21.9,27.3,24.9,100523,63,1
2019-09-28T21:32:47+02:00,22,27.7,25,100520,62.9,1
2019-09-28T21:33:44+02:00,21.9,27.7,25,100517,62.9,1
2019-09-28T21:34:41+02:00,21.9,28,25,100529,62.9,1
2019-09-28T21:35:38+02:00,21.9,28.2,25,100531,63,1
2019-09-28T21:36:35+02:00,21.9,28.3,25,100522,63,1
2019-09-28T21:37:32+02:00,22.1,28.2,25,100537,62.9,1
2019-09-28T21:38:29+02:00,22,28.1,25.1,100528,62.9,1
2019-09-28T21:39:26+02:00,21.9,28,25.1,100526,62.8,1
2019-09-28T21:40:23+02:00,21.9,27.6,25,100526,62.8,1
2019-09-28T21:41:20+02:00,22,27.4,25,100528,62.8,1
2019-09-28T21:42:17+02:00,22.2,28,25,100517,62.9,1
2019-09-28T21:43:14+02:00,22.2,27.6,25.3,100536,62.8,1
2019-09-28T21:44:11+02:00,22.3,27.6,25.1,100522,62.8,1
2019-09-28T21:45:08+02:00,22.4,27.8,25,100532,62.7,1
2019-09-28T21:46:05+02:00,22.4,27.5,25,100526,62.7,1
2019-09-28T21:47:02+02:00,22.5,27.9,24.9,100535,62.7,1
2019-09-28T21:47:59+02:00,22.5,27.9,24.9,100531,62.8,1
2019-09-28T21:48:56+02:00,22.4,27.7,24.9,100529,62.9,1
2019-09-28T21:49:53+02:00,22.5,27.9,24.9,100529,62.8,1
2019-09-28T21:50:50+02:00,22.4,27.8,24.8,100533,62.7,1
2019-09-28T21:51:47+02:00,22.6,28.7,24.9,100533,62.7,1
2019-09-28T21:52:44+02:00,22.5,28.5,24.8,100529,62.6,1
2019-09-28T21:53:41+02:00,22.5,28.8,24.8,100532,62.6,1
2019-09-28T21:54:38+02:00,22.6,29,24.8,100527,62.5,1
2019-09-28T21:55:35+02:00,22.6,29,24.9,100527,62.5,1
2019-09-28T21:56:32+02:00,22.8,29.5,24.9,100529,62.4,1
2019-09-28T22:00:19+02:00,20.3,31.3,24.9,100532,62.4,1
2019-09-28T22:01:16+02:00,20.3,31.1,24.9,100524,62.3,1
2019-09-28T22:02:13+02:00,20.2,31.1,24.9,100524,62.3,1
2019-09-28T22:03:39+02:00,19.6,28.9,24.9,100530,62.2,1
2019-09-28T22:04:36+02:00,19.6,28.7,24.9,100532,62.2,1
2019-09-28T22:05:33+02:00,19.5,28.6,24.9,100531,62.2,1
